Workbook

Sheet clean_data
A1: user_id | B1: signup_date | C1: experiment_group | D1: region | E1: device_type | F1: device_type_clean | G1: traffic_source | H1: traffic_source_clean | I1: plan_type | J1: visited_landing_page | K1: started_trial | L1: completed_onboarding | M1: converted_to_paid | N1: revenue_30d | O1: support_tickets_30d | P1: support_ticket_user | Q1: refund_requested | R1: days_to_convert | S1: engagement_score | T1: engagement_score_clean
A2: USR-100001 | B2: 45732 | C2: Control | D2: North | E2: Desktop | F2: =IF(E2="","Unknown",E2) -> Desktop | G2: Email | H2: =IF(G2="","Unknown",G2) -> Email | I2: Basic | J2: 0 | K2: 0 | L2: 0 | M2: 0 | N2: 0 | O2: 0 | P2: =IF(O2>0,1,0) -> 0 | Q2: 0 | S2: 45.7 | T2: =IF(S2="",MEDIAN($S$2:$S$1409),S2) -> 45.7
A3: USR-100002 | B3: 45724 | C3: Control | D3: West | E3: Mobile | F3: =IF(E3="","Unknown",E3) -> Mobile | G3: Organic | H3: =IF(G3="","Unknown",G3) -> Organic | I3: Free | J3: 1 | K3: 0 | L3: 0 | M3: 0 | N3: 0 | O3: 0 | P3: =IF(O3>0,1,0) -> 0 | Q3: 0 | S3: 48.6 | T3: =IF(S3="",MEDIAN($S$2:$S$1409),S3) -> 48.6
A4: USR-100003 | B4: 45771 | C4: Control | D4: East | E4: Mobile | F4: =IF(E4="","Unknown",E4) -> Mobile | G4: Paid Search | H4: =IF(G4="","Unknown",G4) -> Paid Search | I4: Premium | J4: 1 | K4: 0 | L4: 0 | M4: 0 | N4: 0 | O4: 1 | P4: =IF(O4>0,1,0) -> 1 | Q4: 0 | S4: 35.4 | T4: =IF(S4="",MEDIAN($S$2:$S$1409),S4) -> 35.4
A5: USR-100004 | B5: 45781 | C5: Control | D5: South | E5: Mobile | F5: =IF(E5="","Unknown",E5) -> Mobile | G5: Email | H5: =IF(G5="","Unknown",G5) -> Email | I5: Basic | J5: 1 | K5: 0 | L5: 0 | M5: 0 | N5: 0 | O5: 0 | P5: =IF(O5>0,1,0) -> 0 | Q5: 0 | S5: 64.6 | T5: =IF(S5="",MEDIAN($S$2:$S$1409),S5) -> 64.6
A6: USR-100005 | B6: 45700 | C6: Control | D6: North | E6: Tablet | F6: =IF(E6="","Unknown",E6) -> Tablet | G6: Organic | H6: =IF(G6="","Unknown",G6) -> Organic | I6: Free | J6: 0 | K6: 0 | L6: 0 | M6: 0 | N6: 0 | O6: 0 | P6: =IF(O6>0,1,0) -> 0 | Q6: 0 | S6: 66.6 | T6: =IF(S6="",MEDIAN($S$2:$S$1409),S6) -> 66.6
A7: USR-100006 | B7: 45685 | C7: Control | D7: East | E7: Mobile | F7: =IF(E7="","Unknown",E7) -> Mobile | G7: Organic | H7: =IF(G7="","Unknown",G7) -> Organic | I7: Premium | J7: 1 | K7: 0 | L7: 0 | M7: 0 | N7: 0 | O7: 0 | P7: =IF(O7>0,1,0) -> 0 | Q7: 0 | S7: 40.8 | T7: =IF(S7="",MEDIAN($S$2:$S$1409),S7) -> 40.8
A8: USR-100007 | B8: 45755 | C8: Control | D8: East | E8: Mobile | F8: =IF(E8="","Unknown",E8) -> Mobile | G8: Paid Search | H8: =IF(G8="","Unknown",G8) -> Paid Search | I8: Basic | J8: 1 | K8: 1 | L8: 0 | M8: 0 | N8: 0 | O8: 0 | P8: =IF(O8>0,1,0) -> 0 | Q8: 0 | S8: 57.1 | T8: =IF(S8="",MEDIAN($S$2:$S$1409),S8) -> 57.1
A9: USR-100008 | B9: 45794 | C9: Control | D9: South | E9: Mobile | F9: =IF(E9="","Unknown",E9) -> Mobile | G9: Paid Search | H9: =IF(G9="","Unknown",G9) -> Paid Search | I9: Free | J9: 0 | K9: 0 | L9: 0 | M9: 0 | N9: 0 | O9: 0 | P9: =IF(O9>0,1,0) -> 0 | Q9: 0 | S9: 36.4 | T9: =IF(S9="",MEDIAN($S$2:$S$1409),S9) -> 36.4
A10: USR-100009 | B10: 45711 | C10: Control | D10: South | E10: Tablet | F10: =IF(E10="","Unknown",E10) -> Tablet | G10: Referral | H10: =IF(G10="","Unknown",G10) -> Referral | I10: Basic | J10: 0 | K10: 0 | L10: 0 | M10: 0 | N10: 0 | O10: 0 | P10: =IF(O10>0,1,0) -> 0 | Q10: 0 | S10: 55.4 | T10: =IF(S10="",MEDIAN($S$2:$S$1409),S10) -> 55.4
A11: USR-100010 | B11: 45806 | C11: Control | D11: West | E11: Desktop | F11: =IF(E11="","Unknown",E11) -> Desktop | G11: Social | H11: =IF(G11="","Unknown",G11) -> Social | I11: Free | J11: 1 | K11: 0 | L11: 0 | M11: 0 | N11: 0 | O11: 0 | P11: =IF(O11>0,1,0) -> 0 | Q11: 0 | S11: 57.3 | T11: =IF(S11="",MEDIAN($S$2:$S$1409),S11) -> 57.3
A12: USR-100011 | B12: 45777 | C12: Control | D12: East | E12: Mobile | F12: =IF(E12="","Unknown",E12) -> Mobile | G12: Paid Search | H12: =IF(G12="","Unknown",G12) -> Paid Search | I12: Basic | J12: 1 | K12: 1 | L12: 1 | M12: 0 | N12: 0 | O12: 0 | P12: =IF(O12>0,1,0) -> 0 | Q12: 0 | S12: 63.6 | T12: =IF(S12="",MEDIAN($S$2:$S$1409),S12) -> 63.6
A13: USR-100012 | B13: 45732 | C13: Control | D13: East | E13: Mobile | F13: =IF(E13="","Unknown",E13) -> Mobile | G13: Social | H13: =IF(G13="","Unknown",G13) -> Social | I13: Premium | J13: 1 | K13: 1 | L13: 1 | M13: 0 | N13: 0 | O13: 1 | P13: =IF(O13>0,1,0) -> 1 | Q13: 0 | S13: 80.4 | T13: =IF(S13="",MEDIAN($S$2:$S$1409),S13) -> 80.4
... A60: USR-100059 | B60: 45761 | C60: Control | D60: North | E60: Mobile | F60: =IF(E60="","Unknown",E60) -> Mobile | G60: Social | H60: =IF(G60="","Unknown",G60) -> Social | I60: Free | J60: 0 | K60: 0 | L60: 0 | M60: 0 | N60: 0 | O60: 2 | P60: =IF(O60>0,1,0) -> 1 | Q60: 0 | S60: 48.9 | T60: =IF(S60="",MEDIAN($S$2:$S$1409),S60) -> 48.9
A61: USR-100060 | B61: 45658 | C61: Control | D61: West | E61: Mobile | F61: =IF(E61="","Unknown",E61) -> Mobile | G61: Social | H61: =IF(G61="","Unknown",G61) -> Social | I61: Free | J61: 1 | K61: 1 | L61: 1 | M61: 1 | N61: 240.42 | O61: 0 | P61: =IF(O61>0,1,0) -> 0 | Q61: 0 | R61: 16 | S61: 56.5 | T61: =IF(S61="",MEDIAN($S$2:$S$1409),S61) -> 56.5
A62: USR-100061 | B62: 45749 | C62: Control | D62: South | E62: Mobile | F62: =IF(E62="","Unknown",E62) -> Mobile | G62: Referral | H62: =IF(G62="","Unknown",G62) -> Referral | I62: Free | J62: 1 | K62: 0 | L62: 0 | M62: 0 | N62: 0 | O62: 0 | P62: =IF(O62>0,1,0) -> 0 | Q62: 0 | S62: 53.7 | T62: =IF(S62="",MEDIAN($S$2:$S$1409),S62) -> 53.7
A63: USR-100062 | B63: 45745 | C63: Control | D63: North | E63: Mobile | F63: =IF(E63="","Unknown",E63) -> Mobile | G63: Social | H63: =IF(G63="","Unknown",G63) -> Social | I63: Premium | J63: 0 | K63: 0 | L63: 0 | M63: 0 | N63: 0 | O63: 0 | P63: =IF(O63>0,1,0) -> 0 | Q63: 0 | S63: 62.2 | T63: =IF(S63="",MEDIAN($S$2:$S$1409),S63) -> 62.2
A64: USR-100063 | B64: 45792 | C64: Control | D64: South | E64: Desktop | F64: =IF(E64="","Unknown",E64) -> Desktop | G64: Organic | H64: =IF(G64="","Unknown",G64) -> Organic | I64: Free | J64: 1 | K64: 0 | L64: 0 | M64: 0 | N64: 0 | O64: 0 | P64: =IF(O64>0,1,0) -> 0 | Q64: 0 | S64: 50.2 | T64: =IF(S64="",MEDIAN($S$2:$S$1409),S64) -> 50.2
A65: USR-100064 | B65: 45758 | C65: Control | D65: North | E65: Mobile | F65: =IF(E65="","Unknown",E65) -> Mobile | G65: Organic | H65: =IF(G65="","Unknown",G65) -> Organic | I65: Basic | J65: 1 | K65: 0 | L65: 0 | M65: 0 | N65: 0 | O65: 0 | P65: =IF(O65>0,1,0) -> 0 | Q65: 0 | S65: 74.3 | T65: =IF(S65="",MEDIAN($S$2:$S$1409),S65) -> 74.3
A66: USR-100065 | B66: 45723 | C66: Control | D66: South | E66: Desktop | F66: =IF(E66="","Unknown",E66) -> Desktop | G66: Paid Search | H66: =IF(G66="","Unknown",G66) -> Paid Search | I66: Free | J66: 1 | K66: 0 | L66: 0 | M66: 0 | N66: 0 | O66: 0 | P66: =IF(O66>0,1,0) -> 0 | Q66: 0 | S66: 58 | T66: =IF(S66="",MEDIAN($S$2:$S$1409),S66) -> 58
A67: USR-100066 | B67: 45807 | C67: Control | D67: South | E67: Mobile | F67: =IF(E67="","Unknown",E67) -> Mobile | G67: Organic | H67: =IF(G67="","Unknown",G67) -> Organic | I67: Free | J67: 0 | K67: 0 | L67: 0 | M67: 0 | N67: 0 | O67: 0 | P67: =IF(O67>0,1,0) -> 0 | Q67: 0 | S67: 46.7 | T67: =IF(S67="",MEDIAN($S$2:$S$1409),S67) -> 46.7
A68: USR-100067 | B68: 45664 | C68: Control | D68: South | E68: Desktop | F68: =IF(E68="","Unknown",E68) -> Desktop | G68: Organic | H68: =IF(G68="","Unknown",G68) -> Organic | I68: Premium | J68: 1 | K68: 0 | L68: 0 | M68: 0 | N68: 0 | O68: 1 | P68: =IF(O68>0,1,0) -> 1 | Q68: 0 | S68: 49.6 | T68: =IF(S68="",MEDIAN($S$2:$S$1409),S68) -> 49.6
A69: USR-100068 | B69: 45785 | C69: Control | D69: West | E69: Mobile | F69: =IF(E69="","Unknown",E69) -> Mobile | G69: Social | H69: =IF(G69="","Unknown",G69) -> Social | I69: Free | J69: 0 | K69: 0 | L69: 0 | M69: 0 | N69: 0 | O69: 0 | P69: =IF(O69>0,1,0) -> 0 | Q69: 0 | S69: 60.4 | T69: =IF(S69="",MEDIAN($S$2:$S$1409),S69) -> 60.4
A70: USR-100069 | B70: 45735 | C70: Control | D70: East | E70: Desktop | F70: =IF(E70="","Unknown",E70) -> Desktop | G70: Email | H70: =IF(G70="","Unknown",G70) -> Email | I70: Free | J70: 1 | K70: 1 | L70: 1 | M70: 0 | N70: 0 | O70: 0 | P70: =IF(O70>0,1,0) -> 0 | Q70: 0 | S70: 55.3 | T70: =IF(S70="",MEDIAN($S$2:$S$1409),S70) -> 55.3
A71: USR-100070 | B71: 45793 | C71: Control | D71: North | E71: Desktop | F71: =IF(E71="","Unknown",E71) -> Desktop | G71: Organic | H71: =IF(G71="","Unknown",G71) -> Organic | I71: Free | J71: 0 | K71: 0 | L71: 0 | M71: 0 | N71: 0 | O71: 0 | P71: =IF(O71>0,1,0) -> 0 | Q71: 0 | S71: 56.2 | T71: =IF(S71="",MEDIAN($S$2:$S$1409),S71) -> 56.2
A72: USR-100071 | B72: 45724 | C72: Control | D72: West | E72: Mobile | F72: =IF(E72="","Unknown",E72) -> Mobile | G72: Email | H72: =IF(G72="","Unknown",G72) -> Email | I72: Free | J72: 0 | K72: 0 | L72: 0 | M72: 0 | N72: 0 | O72: 0 | P72: =IF(O72>0,1,0) -> 0 | Q72: 0 | S72: 29.4 | T72: =IF(S72="",MEDIAN($S$2:$S$1409),S72) -> 29.4
A73: USR-100072 | B73: 45724 | C73: Control | D73: East | E73: Mobile | F73: =IF(E73="","Unknown",E73) -> Mobile | G73: Email | H73: =IF(G73="","Unknown",G73) -> Email | I73: Free | J73: 1 | K73: 0 | L73: 0 | M73: 0 | N73: 0 | O73: 0 | P73: =IF(O73>0,1,0) -> 0 | Q73: 0 | S73: 54.2 | T73: =IF(S73="",MEDIAN($S$2:$S$1409),S73) -> 54.2
... A79: USR-100078 | B79: 45673 | C79: Control | D79: North | E79: Mobile | F79: =IF(E79="","Unknown",E79) -> Mobile | G79: Organic | H79: =IF(G79="","Unknown",G79) -> Organic | I79: Free | J79: 0 | K79: 0 | L79: 0 | M79: 0 | N79: 0 | O79: 2 | P79: =IF(O79>0,1,0) -> 1 | Q79: 0 | S79: 48.4 | T79: =IF(S79="",MEDIAN($S$2:$S$1409),S79) -> 48.4
A80: USR-100079 | B80: 45708 | C80: Control | D80: West | E80: Desktop | F80: =IF(E80="","Unknown",E80) -> Desktop | G80: Organic | H80: =IF(G80="","Unknown",G80) -> Organic | I80: Free | J80: 1 | K80: 1 | L80: 1 | M80: 1 | N80: 457.51 | O80: 0 | P80: =IF(O80>0,1,0) -> 0 | Q80: 0 | R80: 7 | S80: 38 | T80: =IF(S80="",MEDIAN($S$2:$S$1409),S80) -> 38
A81: USR-100080 | B81: 45798 | C81: Control | D81: East | E81: Mobile | F81: =IF(E81="","Unknown",E81) -> Mobile | G81: Social | H81: =IF(G81="","Unknown",G81) -> Social | I81: Free | J81: 1 | K81: 0 | L81: 0 | M81: 0 | N81: 0 | O81: 0 | P81: =IF(O81>0,1,0) -> 0 | Q81: 0 | S81: 44.2 | T81: =IF(S81="",MEDIAN($S$2:$S$1409),S81) -> 44.2
A82: USR-100081 | B82: 45785 | C82: Control | D82: South | E82: Mobile | F82: =IF(E82="","Unknown",E82) -> Mobile | G82: Organic | H82: =IF(G82="","Unknown",G82) -> Organic | I82: Free | J82: 1 | K82: 1 | L82: 1 | M82: 0 | N82: 0 | O82: 0 | P82: =IF(O82>0,1,0) -> 0 | Q82: 0 | S82: 81.2 | T82: =IF(S82="",MEDIAN($S$2:$S$1409),S82) -> 81.2
A83: USR-100082 | B83: 45724 | C83: Control | D83: South | E83: Mobile | F83: =IF(E83="","Unknown",E83) -> Mobile | G83: Referral | H83: =IF(G83="","Unknown",G83) -> Referral | I83: Free | J83: 1 | K83: 1 | L83: 0 | M83: 0 | N83: 0 | O83: 0 | P83: =IF(O83>0,1,0) -> 0 | Q83: 0 | S83: 63.8 | T83: =IF(S83="",MEDIAN($S$2:$S$1409),S83) -> 63.8
A84: USR-100083 | B84: 45748 | C84: Control | D84: South | E84: Desktop | F84: =IF(E84="","Unknown",E84) -> Desktop | G84: Email | H84: =IF(G84="","Unknown",G84) -> Email | I84: Free | J84: 0 | K84: 0 | L84: 0 | M84: 0 | N84: 0 | O84: 0 | P84: =IF(O84>0,1,0) -> 0 | Q84: 0 | S84: 64.7 | T84: =IF(S84="",MEDIAN($S$2:$S$1409),S84) -> 64.7
A85: USR-100084 | B85: 45719 | C85: Control | D85: West | E85: Mobile | F85: =IF(E85="","Unknown",E85) -> Mobile | G85: Social | H85: =IF(G85="","Unknown",G85) -> Social | I85: Basic | J85: 0 | K85: 0 | L85: 0 | M85: 0 | N85: 0 | O85: 0 | P85: =IF(O85>0,1,0) -> 0 | Q85: 0 | S85: 60.4 | T85: =IF(S85="",MEDIAN($S$2:$S$1409),S85) -> 60.4
A86: USR-100085 | B86: 45763 | C86: Control | D86: South | E86: Mobile | F86: =IF(E86="","Unknown",E86) -> Mobile | G86: Paid Search | H86: =IF(G86="","Unknown",G86) -> Paid Search | I86: Free | J86: 0 | K86: 0 | L86: 0 | M86: 0 | N86: 0 | O86: 0 | P86: =IF(O86>0,1,0) -> 0 | Q86: 0 | S86: 66.6 | T86: =IF(S86="",MEDIAN($S$2:$S$1409),S86) -> 66.6
A87: USR-100086 | B87: 45666 | C87: Control | D87: North | E87: Desktop | F87: =IF(E87="","Unknown",E87) -> Desktop | G87: Organic | H87: =IF(G87="","Unknown",G87) -> Organic | I87: Free | J87: 1 | K87: 0 | L87: 0 | M87: 0 | N87: 0 | O87: 0 | P87: =IF(O87>0,1,0) -> 0 | Q87: 0 | S87: 50.9 | T87: =IF(S87="",MEDIAN($S$2:$S$1409),S87) -> 50.9
A88: USR-100087 | B88: 45679 | C88: Control | D88: West | E88: Desktop | F88: =IF(E88="","Unknown",E88) -> Desktop | G88: Social | H88: =IF(G88="","Unknown",G88) -> Social | I88: Basic | J88: 0 | K88: 0 | L88: 0 | M88: 0 | N88: 0 | O88: 0 | P88: =IF(O88>0,1,0) -> 0 | Q88: 0 | S88: 51 | T88: =IF(S88="",MEDIAN($S$2:$S$1409),S88) -> 51
A89: USR-100088 | B89: 45777 | C89: Control | D89: South | E89: Mobile | F89: =IF(E89="","Unknown",E89) -> Mobile | G89: Email | H89: =IF(G89="","Unknown",G89) -> Email | I89: Premium | J89: 0 | K89: 0 | L89: 0 | M89: 0 | N89: 0 | O89: 0 | P89: =IF(O89>0,1,0) -> 0 | Q89: 0 | S89: 65.8 | T89: =IF(S89="",MEDIAN($S$2:$S$1409),S89) -> 65.8
A90: USR-100089 | B90: 45772 | C90: Control | D90: North | E90: Mobile | F90: =IF(E90="","Unknown",E90) -> Mobile | G90: Referral | H90: =IF(G90="","Unknown",G90) -> Referral | I90: Basic | J90: 1 | K90: 0 | L90: 0 | M90: 0 | N90: 0 | O90: 0 | P90: =IF(O90>0,1,0) -> 0 | Q90: 0 | S90: 61.8 | T90: =IF(S90="",MEDIAN($S$2:$S$1409),S90) -> 61.8
A91: USR-100090 | B91: 45689 | C91: Control | D91: North | E91: Mobile | F91: =IF(E91="","Unknown",E91) -> Mobile | G91: Organic | H91: =IF(G91="","Unknown",G91) -> Organic | I91: Basic | J91: 1 | K91: 0 | L91: 0 | M91: 0 | N91: 0 | O91: 0 | P91: =IF(O91>0,1,0) -> 0 | Q91: 0 | S91: 54.5 | T91: =IF(S91="",MEDIAN($S$2:$S$1409),S91) -> 54.5
A92: USR-100091 | B92: 45770 | C92: Control | D92: South | E92: Desktop | F92: =IF(E92="","Unknown",E92) -> Desktop | G92: Organic | H92: =IF(G92="","Unknown",G92) -> Organic | I92: Free | J92: 1 | K92: 0 | L92: 0 | M92: 0 | N92: 0 | O92: 0 | P92: =IF(O92>0,1,0) -> 0 | Q92: 0 | S92: 72.2 | T92: =IF(S92="",MEDIAN($S$2:$S$1409),S92) -> 72.2
... A99: USR-100098 | B99: 45699 | C99: Control | D99: North | E99: Desktop | F99: =IF(E99="","Unknown",E99) -> Desktop | G99: Organic | H99: =IF(G99="","Unknown",G99) -> Organic | I99: Premium | J99: 1 | K99: 0 | L99: 0 | M99: 0 | N99: 0 | O99: 0 | P99: =IF(O99>0,1,0) -> 0 | Q99: 0 | S99: 63.2 | T99: =IF(S99="",MEDIAN($S$2:$S$1409),S99) -> 63.2
A100: USR-100099 | B100: 45699 | C100: Control | D100: East | E100: Desktop | F100: =IF(E100="","Unknown",E100) -> Desktop | G100: Social | H100: =IF(G100="","Unknown",G100) -> Social | I100: Free | J100: 1 | K100: 1 | L100: 1 | M100: 1 | N100: 363.32 | O100: 0 | P100: =IF(O100>0,1,0) -> 0 | Q100: 0 | R100: 9 | S100: 55.9 | T100: =IF(S100="",MEDIAN($S$2:$S$1409),S100) -> 55.9
A101: USR-100100 | B101: 45803 | C101: Control | D101: North | E101: Mobile | F101: =IF(E101="","Unknown",E101) -> Mobile | G101: Organic | H101: =IF(G101="","Unknown",G101) -> Organic | I101: Free | J101: 1 | K101: 0 | L101: 0 | M101: 0 | N101: 0 | O101: 0 | P101: =IF(O101>0,1,0) -> 0 | Q101: 0 | S101: 63.5 | T101: =IF(S101="",MEDIAN($S$2:$S$1409),S101) -> 63.5
A102: USR-100101 | B102: 45738 | C102: Control | D102: North | E102: Mobile | F102: =IF(E102="","Unknown",E102) -> Mobile | G102: Paid Search | H102: =IF(G102="","Unknown",G102) -> Paid Search | I102: Basic | J102: 1 | K102: 0 | L102: 0 | M102: 0 | N102: 0 | O102: 0 | P102: =IF(O102>0,1,0) -> 0 | Q102: 0 | S102: 51.5 | T102: =IF(S102="",MEDIAN($S$2:$S$1409),S102) -> 51.5
A103: USR-100102 | B103: 45755 | C103: Control | D103: West | E103: Mobile | F103: =IF(E103="","Unknown",E103) -> Mobile | G103: Paid Search | H103: =IF(G103="","Unknown",G103) -> Paid Search | I103: Free | J103: 1 | K103: 0 | L103: 0 | M103: 0 | N103: 0 | O103: 0 | P103: =IF(O103>0,1,0) -> 0 | Q103: 0 | S103: 74.4 | T103: =IF(S103="",MEDIAN($S$2:$S$1409),S103) -> 74.4
A104: USR-100103 | B104: 45761 | C104: Control | D104: North | E104: Desktop | F104: =IF(E104="","Unknown",E104) -> Desktop | G104: Social | H104: =IF(G104="","Unknown",G104) -> Social | I104: Free | J104: 1 | K104: 1 | L104: 1 | M104: 1 | N104: 3887.98 | O104: 0 | P104: =IF(O104>0,1,0) -> 0 | Q104: 0 | R104: 13 | S104: 60.2 | T104: =IF(S104="",MEDIAN($S$2:$S$1409),S104) -> 60.2
A105: USR-100104 | B105: 45743 | C105: Control | D105: South | E105: Mobile | F105: =IF(E105="","Unknown",E105) -> Mobile | G105: Email | H105: =IF(G105="","Unknown",G105) -> Email | I105: Free | J105: 1 | K105: 0 | L105: 0 | M105: 0 | N105: 0 | O105: 1 | P105: =IF(O105>0,1,0) -> 1 | Q105: 0 | S105: 67.2 | T105: =IF(S105="",MEDIAN($S$2:$S$1409),S105) -> 67.2
A106: USR-100105 | B106: 45662 | C106: Control | D106: South | E106: Mobile | F106: =IF(E106="","Unknown",E106) -> Mobile | G106: Social | H106: =IF(G106="","Unknown",G106) -> Social | I106: Free | J106: 1 | K106: 1 | L106: 1 | M106: 0 | N106: 0 | O106: 0 | P106: =IF(O106>0,1,0) -> 0 | Q106: 0 | S106: 79.6 | T106: =IF(S106="",MEDIAN($S$2:$S$1409),S106) -> 79.6
A107: USR-100106 | B107: 45682 | C107: Control | D107: South | E107: Mobile | F107: =IF(E107="","Unknown",E107) -> Mobile | G107: Social | H107: =IF(G107="","Unknown",G107) -> Social | I107: Basic | J107: 1 | K107: 1 | L107: 1 | M107: 1 | N107: 8610.72 | O107: 0 | P107: =IF(O107>0,1,0) -> 0 | Q107: 0 | R107: 6 | S107: 61 | T107: =IF(S107="",MEDIAN($S$2:$S$1409),S107) -> 61
A108: USR-100107 | B108: 45680 | C108: Control | D108: West | E108: Mobile | F108: =IF(E108="","Unknown",E108) -> Mobile | G108: Email | H108: =IF(G108="","Unknown",G108) -> Email | I108: Free | J108: 1 | K108: 1 | L108: 1 | M108: 0 | N108: 0 | O108: 4 | P108: =IF(O108>0,1,0) -> 1 | Q108: 0 | S108: 51.1 | T108: =IF(S108="",MEDIAN($S$2:$S$1409),S108) -> 51.1
A109: USR-100108 | B109: 45802 | C109: Control | D109: East | E109: Desktop | F109: =IF(E109="","Unknown",E109) -> Desktop | G109: Referral | H109: =IF(G109="","Unknown",G109) -> Referral | I109: Free | J109: 1 | K109: 0 | L109: 0 | M109: 0 | N109: 0 | O109: 0 | P109: =IF(O109>0,1,0) -> 0 | Q109: 0 | S109: 92.1 | T109: =IF(S109="",MEDIAN($S$2:$S$1409),S109) -> 92.1
A110: USR-100109 | B110: 45738 | C110: Control | D110: South | E110: Mobile | F110: =IF(E110="","Unknown",E110) -> Mobile | G110: Referral | H110: =IF(G110="","Unknown",G110) -> Referral | I110: Basic | J110: 0 | K110: 0 | L110: 0 | M110: 0 | N110: 0 | O110: 0 | P110: =IF(O110>0,1,0) -> 0 | Q110: 0 | S110: 82.1 | T110: =IF(S110="",MEDIAN($S$2:$S$1409),S110) -> 82.1
A111: USR-100110 | B111: 45700 | C111: Control | D111: West | E111: Desktop | F111: =IF(E111="","Unknown",E111) -> Desktop | G111: Paid Search | H111: =IF(G111="","Unknown",G111) -> Paid Search | I111: Basic | J111: 1 | K111: 0 | L111: 0 | M111: 0 | N111: 0 | O111: 1 | P111: =IF(O111>0,1,0) -> 1 | Q111: 0 | S111: 74 | T111: =IF(S111="",MEDIAN($S$2:$S$1409),S111) -> 74
A112: USR-100111 | B112: 45775 | C112: Control | D112: West | E112: Desktop | F112: =IF(E112="","Unknown",E112) -> Desktop | G112: Organic | H112: =IF(G112="","Unknown",G112) -> Organic | I112: Basic | J112: 1 | K112: 0 | L112: 0 | M112: 0 | N112: 0 | O112: 0 | P112: =IF(O112>0,1,0) -> 0 | Q112: 0 | S112: 63.4 | T112: =IF(S112="",MEDIAN($S$2:$S$1409),S112) -> 63.4
A113: USR-100112 | B113: 45687 | C113: Control | D113: North | E113: Mobile | F113: =IF(E113="","Unknown",E113) -> Mobile | G113: Organic | H113: =IF(G113="","Unknown",G113) -> Organic | I113: Basic | J113: 1 | K113: 0 | L113: 0 | M113: 0 | N113: 0 | O113: 0 | P113: =IF(O113>0,1,0) -> 0 | Q113: 0 | S113: 53.2 | T113: =IF(S113="",MEDIAN($S$2:$S$1409),S113) -> 53.2
A114: USR-100113 | B114: 45796 | C114: Control | D114: East | E114: Tablet | F114: =IF(E114="","Unknown",E114) -> Tablet | G114: Paid Search | H114: =IF(G114="","Unknown",G114) -> Paid Search | I114: Free | J114: 0 | K114: 0 | L114: 0 | M114: 0 | N114: 0 | O114: 0 | P114: =IF(O114>0,1,0) -> 0 | Q114: 0 | S114: 48.1 | T114: =IF(S114="",MEDIAN($S$2:$S$1409),S114) -> 48.1
A115: USR-100114 | B115: 45680 | C115: Control | D115: South | E115: Mobile | F115: =IF(E115="","Unknown",E115) -> Mobile | G115: Social | H115: =IF(G115="","Unknown",G115) -> Social | I115: Free | J115: 1 | K115: 1 | L115: 0 | M115: 0 | N115: 0 | O115: 0 | P115: =IF(O115>0,1,0) -> 0 | Q115: 0 | S115: 61.5 | T115: =IF(S115="",MEDIAN($S$2:$S$1409),S115) -> 61.5
A116: USR-100115 | B116: 45744 | C116: Control | D116: East | E116: Desktop | F116: =IF(E116="","Unknown",E116) -> Desktop | G116: Social | H116: =IF(G116="","Unknown",G116) -> Social | I116: Free | J116: 1 | K116: 0 | L116: 0 | M116: 0 | N116: 0 | O116: 0 | P116: =IF(O116>0,1,0) -> 0 | Q116: 0 | S116: 63.2 | T116: =IF(S116="",MEDIAN($S$2:$S$1409),S116) -> 63.2
A117: USR-100116 | B117: 45668 | C117: Control | D117: West | E117: Mobile | F117: =IF(E117="","Unknown",E117) -> Mobile | G117: Organic | H117: =IF(G117="","Unknown",G117) -> Organic | I117: Free | J117: 0 | K117: 0 | L117: 0 | M117: 0 | N117: 0 | O117: 0 | P117: =IF(O117>0,1,0) -> 0 | Q117: 0 | S117: 71.9 | T117: =IF(S117="",MEDIAN($S$2:$S$1409),S117) -> 71.9
A118: USR-100117 | B118: 45758 | C118: Control | D118: North | E118: Mobile | F118: =IF(E118="","Unknown",E118) -> Mobile | G118: Referral | H118: =IF(G118="","Unknown",G118) -> Referral | I118: Free | J118: 0 | K118: 0 | L118: 0 | M118: 0 | N118: 0 | O118: 0 | P118: =IF(O118>0,1,0) -> 0 | Q118: 0 | S118: 62.7 | T118: =IF(S118="",MEDIAN($S$2:$S$1409),S118) -> 62.7
A119: USR-100118 | B119: 45659 | C119: Control | D119: West | E119: Mobile | F119: =IF(E119="","Unknown",E119) -> Mobile | G119: Paid Search | H119: =IF(G119="","Unknown",G119) -> Paid Search | I119: Free | J119: 1 | K119: 0 | L119: 0 | M119: 0 | N119: 0 | O119: 0 | P119: =IF(O119>0,1,0) -> 0 | Q119: 0 | S119: 51.5 | T119: =IF(S119="",MEDIAN($S$2:$S$1409),S119) -> 51.5
... A124: USR-100123 | B124: 45769 | C124: Control | D124: South | E124: Mobile | F124: =IF(E124="","Unknown",E124) -> Mobile | G124: Referral | H124: =IF(G124="","Unknown",G124) -> Referral | I124: Basic | J124: 0 | K124: 0 | L124: 0 | M124: 0 | N124: 0 | O124: 0 | P124: =IF(O124>0,1,0) -> 0 | Q124: 0 | S124: 36.1 | T124: =IF(S124="",MEDIAN($S$2:$S$1409),S124) -> 36.1
A125: USR-100124 | B125: 45807 | C125: Control | D125: West | F125: =IF(E125="","Unknown",E125) -> Unknown | G125: Email | H125: =IF(G125="","Unknown",G125) -> Email | I125: Basic | J125: 1 | K125: 1 | L125: 0 | M125: 0 | N125: 0 | O125: 0 | P125: =IF(O125>0,1,0) -> 0 | Q125: 0 | S125: 47.9 | T125: =IF(S125="",MEDIAN($S$2:$S$1409),S125) -> 47.9
A126: USR-100125 | B126: 45795 | C126: Control | D126: West | E126: Desktop | F126: =IF(E126="","Unknown",E126) -> Desktop | G126: Organic | H126: =IF(G126="","Unknown",G126) -> Organic | I126: Premium | J126: 1 | K126: 0 | L126: 0 | M126: 0 | N126: 0 | O126: 0 | P126: =IF(O126>0,1,0) -> 0 | Q126: 0 | S126: 62.5 | T126: =IF(S126="",MEDIAN($S$2:$S$1409),S126) -> 62.5
A127: USR-100126 | B127: 45670 | C127: Control | D127: South | E127: Desktop | F127: =IF(E127="","Unknown",E127) -> Desktop | G127: Paid Search | H127: =IF(G127="","Unknown",G127) -> Paid Search | I127: Premium | J127: 1 | K127: 0 | L127: 0 | M127: 0 | N127: 0 | O127: 0 | P127: =IF(O127>0,1,0) -> 0 | Q127: 0 | S127: 56.9 | T127: =IF(S127="",MEDIAN($S$2:$S$1409),S127) -> 56.9
A128: USR-100127 | B128: 45741 | C128: Control | D128: North | E128: Desktop | F128: =IF(E128="","Unknown",E128) -> Desktop | G128: Email | H128: =IF(G128="","Unknown",G128) -> Email | I128: Free | J128: 0 | K128: 0 | L128: 0 | M128: 0 | N128: 0 | O128: 0 | P128: =IF(O128>0,1,0) -> 0 | Q128: 0 | S128: 64.7 | T128: =IF(S128="",MEDIAN($S$2:$S$1409),S128) -> 64.7
A129: USR-100128 | B129: 45776 | C129: Control | D129: South | E129: Desktop | F129: =IF(E129="","Unknown",E129) -> Desktop | G129: Organic | H129: =IF(G129="","Unknown",G129) -> Organic | I129: Free | J129: 1 | K129: 1 | L129: 1 | M129: 0 | N129: 0 | O129: 0 | P129: =IF(O129>0,1,0) -> 0 | Q129: 0 | S129: 64 | T129: =IF(S129="",MEDIAN($S$2:$S$1409),S129) -> 64
A130: USR-100129 | B130: 45794 | C130: Control | D130: East | E130: Mobile | F130: =IF(E130="","Unknown",E130) -> Mobile | G130: Referral | H130: =IF(G130="","Unknown",G130) -> Referral | I130: Basic | J130: 1 | K130: 1 | L130: 1 | M130: 0 | N130: 0 | O130: 0 | P130: =IF(O130>0,1,0) -> 0 | Q130: 0 | S130: 75.2 | T130: =IF(S130="",MEDIAN($S$2:$S$1409),S130) -> 75.2
A131: USR-100130 | B131: 45659 | C131: Control | D131: North | E131: Mobile | F131: =IF(E131="","Unknown",E131) -> Mobile | G131: Paid Search | H131: =IF(G131="","Unknown",G131) -> Paid Search | I131: Free | J131: 1 | K131: 0 | L131: 0 | M131: 0 | N131: 0 | O131: 1 | P131: =IF(O131>0,1,0) -> 1 | Q131: 0 | S131: 79 | T131: =IF(S131="",MEDIAN($S$2:$S$1409),S131) -> 79
A132: USR-100131 | B132: 45691 | C132: Control | D132: South | E132: Mobile | F132: =IF(E132="","Unknown",E132) -> Mobile | G132: Organic | H132: =IF(G132="","Unknown",G132) -> Organic | I132: Free | J132: 0 | K132: 0 | L132: 0 | M132: 0 | N132: 0 | O132: 0 | P132: =IF(O132>0,1,0) -> 0 | Q132: 0 | S132: 33 | T132: =IF(S132="",MEDIAN($S$2:$S$1409),S132) -> 33
A133: USR-100132 | B133: 45720 | C133: Control | D133: East | E133: Mobile | F133: =IF(E133="","Unknown",E133) -> Mobile | G133: Organic | H133: =IF(G133="","Unknown",G133) -> Organic | I133: Free | J133: 1 | K133: 0 | L133: 0 | M133: 0 | N133: 0 | O133: 0 | P133: =IF(O133>0,1,0) -> 0 | Q133: 0 | S133: 67.9 | T133: =IF(S133="",MEDIAN($S$2:$S$1409),S133) -> 67.9
A134: USR-100133 | B134: 45683 | C134: Control | D134: South | E134: Mobile | F134: =IF(E134="","Unknown",E134) -> Mobile | G134: Paid Search | H134: =IF(G134="","Unknown",G134) -> Paid Search | I134: Basic | J134: 0 | K134: 0 | L134: 0 | M134: 0 | N134: 0 | O134: 0 | P134: =IF(O134>0,1,0) -> 0 | Q134: 0 | S134: 42.2 | T134: =IF(S134="",MEDIAN($S$2:$S$1409),S134) -> 42.2
A135: USR-100134 | B135: 45789 | C135: Control | D135: West | E135: Mobile | F135: =IF(E135="","Unknown",E135) -> Mobile | G135: Paid Search | H135: =IF(G135="","Unknown",G135) -> Paid Search | I135: Basic | J135: 1 | K135: 1 | L135: 1 | M135: 0 | N135: 0 | O135: 0 | P135: =IF(O135>0,1,0) -> 0 | Q135: 0 | S135: 43.4 | T135: =IF(S135="",MEDIAN($S$2:$S$1409),S135) -> 43.4
A136: USR-100135 | B136: 45722 | C136: Control | D136: North | E136: Mobile | F136: =IF(E136="","Unknown",E136) -> Mobile | G136: Organic | H136: =IF(G136="","Unknown",G136) -> Organic | I136: Basic | J136: 0 | K136: 0 | L136: 0 | M136: 0 | N136: 0 | O136: 0 | P136: =IF(O136>0,1,0) -> 0 | Q136: 0 | S136: 54.4 | T136: =IF(S136="",MEDIAN($S$2:$S$1409),S136) -> 54.4
A137: USR-100136 | B137: 45726 | C137: Control | D137: South | E137: Desktop | F137: =IF(E137="","Unknown",E137) -> Desktop | G137: Email | H137: =IF(G137="","Unknown",G137) -> Email | I137: Premium | J137: 0 | K137: 0 | L137: 0 | M137: 0 | N137: 0 | O137: 0 | P137: =IF(O137>0,1,0) -> 0 | Q137: 0 | S137: 45.7 | T137: =IF(S137="",MEDIAN($S$2:$S$1409),S137) -> 45.7
... A142: USR-100141 | B142: 45676 | C142: Control | D142: South | E142: Mobile | F142: =IF(E142="","Unknown",E142) -> Mobile | G142: Organic | H142: =IF(G142="","Unknown",G142) -> Organic | I142: Free | J142: 0 | K142: 0 | L142: 0 | M142: 0 | N142: 0 | O142: 0 | P142: =IF(O142>0,1,0) -> 0 | Q142: 0 | S142: 49.6 | T142: =IF(S142="",MEDIAN($S$2:$S$1409),S142) -> 49.6
A143: USR-100142 | B143: 45750 | C143: Control | D143: West | E143: Desktop | F143: =IF(E143="","Unknown",E143) -> Desktop | G143: Social | H143: =IF(G143="","Unknown",G143) -> Social | I143: Free | J143: 1 | K143: 1 | L143: 1 | M143: 1 | N143: 404.4 | O143: 0 | P143: =IF(O143>0,1,0) -> 0 | Q143: 0 | R143: 9 | S143: 80.6 | T143: =IF(S143="",MEDIAN($S$2:$S$1409),S143) -> 80.6
A144: USR-100143 | B144: 45754 | C144: Control | D144: North | E144: Mobile | F144: =IF(E144="","Unknown",E144) -> Mobile | G144: Paid Search | H144: =IF(G144="","Unknown",G144) -> Paid Search | I144: Free | J144: 1 | K144: 0 | L144: 0 | M144: 0 | N144: 0 | O144: 0 | P144: =IF(O144>0,1,0) -> 0 | Q144: 0 | S144: 47.9 | T144: =IF(S144="",MEDIAN($S$2:$S$1409),S144) -> 47.9
A145: USR-100144 | B145: 45663 | C145: Control | D145: East | E145: Mobile | F145: =IF(E145="","Unknown",E145) -> Mobile | G145: Paid Search | H145: =IF(G145="","Unknown",G145) -> Paid Search | I145: Basic | J145: 1 | K145: 1 | L145: 0 | M145: 0 | N145: 0 | O145: 0 | P145: =IF(O145>0,1,0) -> 0 | Q145: 0 | S145: 54.8 | T145: =IF(S145="",MEDIAN($S$2:$S$1409),S145) -> 54.8
A146: USR-100145 | B146: 45758 | C146: Control | D146: East | E146: Mobile | F146: =IF(E146="","Unknown",E146) -> Mobile | G146: Organic | H146: =IF(G146="","Unknown",G146) -> Organic | I146: Free | J146: 1 | K146: 0 | L146: 0 | M146: 0 | N146: 0 | O146: 1 | P146: =IF(O146>0,1,0) -> 1 | Q146: 0 | S146: 53.9 | T146: =IF(S146="",MEDIAN($S$2:$S$1409),S146) -> 53.9
A147: USR-100146 | B147: 45770 | C147: Control | D147: East | E147: Mobile | F147: =IF(E147="","Unknown",E147) -> Mobile | G147: Paid Search | H147: =IF(G147="","Unknown",G147) -> Paid Search | I147: Free | J147: 1 | K147: 0 | L147: 0 | M147: 0 | N147: 0 | O147: 0 | P147: =IF(O147>0,1,0) -> 0 | Q147: 0 | S147: 41.3 | T147: =IF(S147="",MEDIAN($S$2:$S$1409),S147) -> 41.3
A148: USR-100147 | B148: 45741 | C148: Control | D148: West | E148: Mobile | F148: =IF(E148="","Unknown",E148) -> Mobile | G148: Organic | H148: =IF(G148="","Unknown",G148) -> Organic | I148: Basic | J148: 1 | K148: 1 | L148: 0 | M148: 0 | N148: 0 | O148: 0 | P148: =IF(O148>0,1,0) -> 0 | Q148: 0 | S148: 38.9 | T148: =IF(S148="",MEDIAN($S$2:$S$1409),S148) -> 38.9
A149: USR-100148 | B149: 45802 | C149: Control | D149: South | E149: Desktop | F149: =IF(E149="","Unknown",E149) -> Desktop | G149: Organic | H149: =IF(G149="","Unknown",G149) -> Organic | I149: Basic | J149: 1 | K149: 0 | L149: 0 | M149: 0 | N149: 0 | O149: 0 | P149: =IF(O149>0,1,0) -> 0 | Q149: 0 | S149: 63.6 | T149: =IF(S149="",MEDIAN($S$2:$S$1409),S149) -> 63.6
A150: USR-100149 | B150: 45685 | C150: Control | D150: North | E150: Mobile | F150: =IF(E150="","Unknown",E150) -> Mobile | G150: Organic | H150: =IF(G150="","Unknown",G150) -> Organic | I150: Free | J150: 1 | K150: 1 | L150: 1 | M150: 1 | N150: 577.94 | O150: 0 | P150: =IF(O150>0,1,0) -> 0 | Q150: 0 | R150: 9 | S150: 76.6 | T150: =IF(S150="",MEDIAN($S$2:$S$1409),S150) -> 76.6
A151: USR-100150 | B151: 45700 | C151: Control | D151: West | E151: Mobile | F151: =IF(E151="","Unknown",E151) -> Mobile | G151: Paid Search | H151: =IF(G151="","Unknown",G151) -> Paid Search | I151: Premium | J151: 0 | K151: 0 | L151: 0 | M151: 0 | N151: 0 | O151: 1 | P151: =IF(O151>0,1,0) -> 1 | Q151: 0 | S151: 67.6 | T151: =IF(S151="",MEDIAN($S$2:$S$1409),S151) -> 67.6
A152: USR-100151 | B152: 45776 | C152: Control | D152: North | E152: Mobile | F152: =IF(E152="","Unknown",E152) -> Mobile | G152: Social | H152: =IF(G152="","Unknown",G152) -> Social | I152: Premium | J152: 1 | K152: 0 | L152: 0 | M152: 0 | N152: 0 | O152: 0 | P152: =IF(O152>0,1,0) -> 0 | Q152: 0 | S152: 43.1 | T152: =IF(S152="",MEDIAN($S$2:$S$1409),S152) -> 43.1
A153: USR-100152 | B153: 45729 | C153: Control | D153: South | E153: Mobile | F153: =IF(E153="","Unknown",E153) -> Mobile | G153: Email | H153: =IF(G153="","Unknown",G153) -> Email | I153: Free | J153: 1 | K153: 0 | L153: 0 | M153: 0 | N153: 0 | O153: 0 | P153: =IF(O153>0,1,0) -> 0 | Q153: 0 | S153: 58.3 | T153: =IF(S153="",MEDIAN($S$2:$S$1409),S153) -> 58.3
A154: USR-100153 | B154: 45692 | C154: Control | D154: East | E154: Desktop | F154: =IF(E154="","Unknown",E154) -> Desktop | G154: Paid Search | H154: =IF(G154="","Unknown",G154) -> Paid Search | I154: Free | J154: 1 | K154: 0 | L154: 0 | M154: 0 | N154: 0 | O154: 0 | P154: =IF(O154>0,1,0) -> 0 | Q154: 0 | S154: 69.8 | T154: =IF(S154="",MEDIAN($S$2:$S$1409),S154) -> 69.8
A155: USR-100154 | B155: 45720 | C155: Control | D155: South | E155: Mobile | F155: =IF(E155="","Unknown",E155) -> Mobile | G155: Referral | H155: =IF(G155="","Unknown",G155) -> Referral | I155: Free | J155: 1 | K155: 1 | L155: 0 | M155: 0 | N155: 0 | O155: 0 | P155: =IF(O155>0,1,0) -> 0 | Q155: 0 | T155: =IF(S155="",MEDIAN($S$2:$S$1409),S155) -> 59.9
A156: USR-100155 | B156: 45692 | C156: Control | D156: West | E156: Mobile | F156: =IF(E156="","Unknown",E156) -> Mobile | G156: Paid Search | H156: =IF(G156="","Unknown",G156) -> Paid Search | I156: Basic | J156: 1 | K156: 1 | L156: 0 | M156: 0 | N156: 0 | O156: 0 | P156: =IF(O156>0,1,0) -> 0 | Q156: 0 | S156: 41.9 | T156: =IF(S156="",MEDIAN($S$2:$S$1409),S156) -> 41.9
A157: USR-100156 | B157: 45727 | C157: Control | D157: North | E157: Desktop | F157: =IF(E157="","Unknown",E157) -> Desktop | G157: Organic | H157: =IF(G157="","Unknown",G157) -> Organic | I157: Free | J157: 0 | K157: 0 | L157: 0 | M157: 0 | N157: 0 | O157: 0 | P157: =IF(O157>0,1,0) -> 0 | Q157: 0 | S157: 33.1 | T157: =IF(S157="",MEDIAN($S$2:$S$1409),S157) -> 33.1
A158: USR-100157 | B158: 45769 | C158: Control | D158: West | E158: Mobile | F158: =IF(E158="","Unknown",E158) -> Mobile | G158: Organic | H158: =IF(G158="","Unknown",G158) -> Organic | I158: Free | J158: 0 | K158: 0 | L158: 0 | M158: 0 | N158: 0 | O158: 0 | P158: =IF(O158>0,1,0) -> 0 | Q158: 0 | S158: 58.6 | T158: =IF(S158="",MEDIAN($S$2:$S$1409),S158) -> 58.6
A159: USR-100158 | B159: 45724 | C159: Control | D159: North | E159: Desktop | F159: =IF(E159="","Unknown",E159) -> Desktop | G159: Paid Search | H159: =IF(G159="","Unknown",G159) -> Paid Search | I159: Free | J159: 0 | K159: 0 | L159: 0 | M159: 0 | N159: 0 | O159: 0 | P159: =IF(O159>0,1,0) -> 0 | Q159: 0 | S159: 55.7 | T159: =IF(S159="",MEDIAN($S$2:$S$1409),S159) -> 55.7
A160: USR-100159 | B160: 45726 | C160: Control | D160: East | E160: Mobile | F160: =IF(E160="","Unknown",E160) -> Mobile | G160: Organic | H160: =IF(G160="","Unknown",G160) -> Organic | I160: Free | J160: 0 | K160: 0 | L160: 0 | M160: 0 | N160: 0 | O160: 2 | P160: =IF(O160>0,1,0) -> 1 | Q160: 0 | S160: 64.9 | T160: =IF(S160="",MEDIAN($S$2:$S$1409),S160) -> 64.9
A161: USR-100160 | B161: 45795 | C161: Control | D161: North | E161: Desktop | F161: =IF(E161="","Unknown",E161) -> Desktop | G161: Paid Search | H161: =IF(G161="","Unknown",G161) -> Paid Search | I161: Basic | J161: 0 | K161: 0 | L161: 0 | M161: 0 | N161: 0 | O161: 0 | P161: =IF(O161>0,1,0) -> 0 | Q161: 0 | S161: 72.3 | T161: =IF(S161="",MEDIAN($S$2:$S$1409),S161) -> 72.3
A162: USR-100161 | B162: 45791 | C162: Control | D162: North | E162: Mobile | F162: =IF(E162="","Unknown",E162) -> Mobile | G162: Social | H162: =IF(G162="","Unknown",G162) -> Social | I162: Basic | J162: 0 | K162: 0 | L162: 0 | M162: 0 | N162: 0 | O162: 0 | P162: =IF(O162>0,1,0) -> 0 | Q162: 0 | S162: 42.1 | T162: =IF(S162="",MEDIAN($S$2:$S$1409),S162) -> 42.1
A163: USR-100162 | B163: 45689 | C163: Control | D163: North | E163: Mobile | F163: =IF(E163="","Unknown",E163) -> Mobile | G163: Organic | H163: =IF(G163="","Unknown",G163) -> Organic | I163: Free | J163: 0 | K163: 0 | L163: 0 | M163: 0 | N163: 0 | O163: 0 | P163: =IF(O163>0,1,0) -> 0 | Q163: 0 | T163: =IF(S163="",MEDIAN($S$2:$S$1409),S163) -> 59.9
A164: USR-100163 | B164: 45758 | C164: Control | D164: South | E164: Mobile | F164: =IF(E164="","Unknown",E164) -> Mobile | G164: Organic | H164: =IF(G164="","Unknown",G164) -> Organic | I164: Basic | J164: 0 | K164: 0 | L164: 0 | M164: 0 | N164: 0 | O164: 1 | P164: =IF(O164>0,1,0) -> 1 | Q164: 0 | S164: 64.8 | T164: =IF(S164="",MEDIAN($S$2:$S$1409),S164) -> 64.8
A165: USR-100164 | B165: 45702 | C165: Control | D165: East | E165: Mobile | F165: =IF(E165="","Unknown",E165) -> Mobile | G165: Organic | H165: =IF(G165="","Unknown",G165) -> Organic | I165: Free | J165: 0 | K165: 0 | L165: 0 | M165: 0 | N165: 0 | O165: 0 | P165: =IF(O165>0,1,0) -> 0 | Q165: 0 | S165: 72.1 | T165: =IF(S165="",MEDIAN($S$2:$S$1409),S165) -> 72.1
...

Sheet Control_vs_Treatment
A1: Group | B1: User count | C1: Landing page visit rate | D1: Trial start rate | E1: Onboarding completion rate | F1: Paid conversion rate | G1: Average revenue per user | H1: Average revenue per converted user | I1: Refund rate | J1: Support ticket rate | K1: Average engagement score | L1: Average days to convert
A2: Control | B2: =COUNTIF(clean_data!$C$2:$C$1409,"Control") -> 693 | C2: =SUMIFS(clean_data!$J$2:$J$1409,clean_data!$C$2:$C$1409,"Control")/COUNTIF(clean_data!$C$2:$C$1409,"Control") -> 0.63636364 | D2: =SUMIFS(clean_data!$K$2:$K$1409,clean_data!$C$2:$C$1409,"Control")/COUNTIF(clean_data!$C$2:$C$1409,"Control") -> 0.25108225 | E2: =SUMIFS(clean_data!$L$2:$L$1409,clean_data!$C$2:$C$1409,"Control")/COUNTIF(clean_data!$C$2:$C$1409,"Control") -> 0.15584416 | F2: =SUMIFS(clean_data!$M$2:$M$1409,clean_data!$C$2:$C$1409,"Control")/COUNTIF(clean_data!$C$2:$C$1409,"Control") -> 0.031746032 | G2: =SUMIFS(clean_data!$N$2:$N$1409,clean_data!$C$2:$C$1409,"Control")/COUNTIF(clean_data!$C$2:$C$1409,"Control") -> 51.749322 | H2: =SUMIFS(clean_data!$N$2:$N$1409,clean_data!$C$2:$C$1409,"Control",clean_data!$M$2:$M$1409,1)/COUNTIFS(clean_data!$C$2:$C$1409,"Control",clean_data!$M$2:$M$1409,1) -> 1630.1036 | I2: =SUMIFS(clean_data!$Q$2:$Q$1409,clean_data!$C$2:$C$1409,"Control")/COUNTIF(clean_data!$C$2:$C$1409,"Control") -> 0 | J2: =SUMIFS(clean_data!$P$2:$P$1409,clean_data!$C$2:$C$1409,"Control")/COUNTIF(clean_data!$C$2:$C$1409,"Control") -> 0.14718615 | K2: =AVERAGEIFS(clean_data!$T$2:$T$1409,clean_data!$C$2:$C$1409,"Control") -> 57.051082 | L2: =AVERAGEIFS(clean_data!$R$2:$R$1409,clean_data!$C$2:$C$1409,"Control",clean_data!$M$2:$M$1409,1) -> 8.8636364
A3: Treatment | B3: =COUNTIF(clean_data!$C$2:$C$1409,"Treatment") -> 715 | C3: =SUMIFS(clean_data!$J$2:$J$1409,clean_data!$C$2:$C$1409,"Treatment")/COUNTIF(clean_data!$C$2:$C$1409,"Treatment") -> 0.72587413 | D3: =SUMIFS(clean_data!$K$2:$K$1409,clean_data!$C$2:$C$1409,"Treatment")/COUNTIF(clean_data!$C$2:$C$1409,"Treatment") -> 0.29090909 | E3: =SUMIFS(clean_data!$L$2:$L$1409,clean_data!$C$2:$C$1409,"Treatment")/COUNTIF(clean_data!$C$2:$C$1409,"Treatment") -> 0.21258741 | F3: =SUMIFS(clean_data!$M$2:$M$1409,clean_data!$C$2:$C$1409,"Treatment")/COUNTIF(clean_data!$C$2:$C$1409,"Treatment") -> 0.06993007 | G3: =SUMIFS(clean_data!$N$2:$N$1409,clean_data!$C$2:$C$1409,"Treatment")/COUNTIF(clean_data!$C$2:$C$1409,"Treatment") -> 53.875119 | H3: =SUMIFS(clean_data!$N$2:$N$1409,clean_data!$C$2:$C$1409,"Treatment",clean_data!$M$2:$M$1409,1)/COUNTIFS(clean_data!$C$2:$C$1409,"Treatment",clean_data!$M$2:$M$1409,1) -> 770.4142 | I3: =SUMIFS(clean_data!$Q$2:$Q$1409,clean_data!$C$2:$C$1409,"Treatment")/COUNTIF(clean_data!$C$2:$C$1409,"Treatment") -> 0.0041958042 | J3: =SUMIFS(clean_data!$P$2:$P$1409,clean_data!$C$2:$C$1409,"Treatment")/COUNTIF(clean_data!$C$2:$C$1409,"Treatment") -> 0.24755245 | K3: =AVERAGEIFS(clean_data!$T$2:$T$1409,clean_data!$C$2:$C$1409,"Treatment") -> 62.898042 | L3: =AVERAGEIFS(clean_data!$R$2:$R$1409,clean_data!$C$2:$C$1409,"Treatment",clean_data!$M$2:$M$1409,1) -> 6.4
B4: Number of users in each group | C4: Users who visited landing page / total users | D4: Users who started trial / total users | E4: Users who completed onboarding / total users | F4: Users converted to paid / total users | G4: Total revenue / total users | H4: Revenue / converted users | I4: Refund requests / total users | J4: Users with support tickets / total users | K4: Average score by group | L4: Average days for users who converted

Sheet Segment_Analysis
A1: Region
A2: Segment type | B2: Segment | C2: Group | D2: User count | E2: Paid conversion rate | F2: Trial start rate | G2: ARPU | H2: Refund rate | I2: Support ticket rate | J2: Avg engagement score
A3: Region | B3: North | C3: Control | D3: =COUNTIFS(clean_data!$D$2:$D$1409,"North",clean_data!$C$2:$C$1409,"Control") -> 203 | E3: =IFERROR(SUMIFS(clean_data!$M$2:$M$1409,clean_data!$D$2:$D$1409,"North",clean_data!$C$2:$C$1409,"Control")/D3,"") -> 0.034482759 | F3: =IFERROR(SUMIFS(clean_data!$K$2:$K$1409,clean_data!$D$2:$D$1409,"North",clean_data!$C$2:$C$1409,"Control")/D3,"") -> 0.20689655 | G3: =IFERROR(SUMIFS(clean_data!$N$2:$N$1409,clean_data!$D$2:$D$1409,"North",clean_data!$C$2:$C$1409,"Control")/D3,"") -> 83.667586 | H3: =IFERROR(SUMIFS(clean_data!$Q$2:$Q$1409,clean_data!$D$2:$D$1409,"North",clean_data!$C$2:$C$1409,"Control")/D3,"") -> 0 | I3: =IFERROR(SUMIFS(clean_data!$P$2:$P$1409,clean_data!$D$2:$D$1409,"North",clean_data!$C$2:$C$1409,"Control")/D3,"") -> 0.15270936 | J3: =IFERROR(AVERAGEIFS(clean_data!$T$2:$T$1409,clean_data!$D$2:$D$1409,"North",clean_data!$C$2:$C$1409,"Control"),"") -> 57.57931
A4: Region | B4: North | C4: Treatment | D4: =COUNTIFS(clean_data!$D$2:$D$1409,"North",clean_data!$C$2:$C$1409,"Treatment") -> 180 | E4: =IFERROR(SUMIFS(clean_data!$M$2:$M$1409,clean_data!$D$2:$D$1409,"North",clean_data!$C$2:$C$1409,"Treatment")/D4,"") -> 0.088888889 | F4: =IFERROR(SUMIFS(clean_data!$K$2:$K$1409,clean_data!$D$2:$D$1409,"North",clean_data!$C$2:$C$1409,"Treatment")/D4,"") -> 0.29444444 | G4: =IFERROR(SUMIFS(clean_data!$N$2:$N$1409,clean_data!$D$2:$D$1409,"North",clean_data!$C$2:$C$1409,"Treatment")/D4,"") -> 80.9675 | H4: =IFERROR(SUMIFS(clean_data!$Q$2:$Q$1409,clean_data!$D$2:$D$1409,"North",clean_data!$C$2:$C$1409,"Treatment")/D4,"") -> 0 | I4: =IFERROR(SUMIFS(clean_data!$P$2:$P$1409,clean_data!$D$2:$D$1409,"North",clean_data!$C$2:$C$1409,"Treatment")/D4,"") -> 0.22777778 | J4: =IFERROR(AVERAGEIFS(clean_data!$T$2:$T$1409,clean_data!$D$2:$D$1409,"North",clean_data!$C$2:$C$1409,"Treatment"),"") -> 63.081667
A5: Region | B5: South | C5: Control | D5: =COUNTIFS(clean_data!$D$2:$D$1409,"South",clean_data!$C$2:$C$1409,"Control") -> 184 | E5: =IFERROR(SUMIFS(clean_data!$M$2:$M$1409,clean_data!$D$2:$D$1409,"South",clean_data!$C$2:$C$1409,"Control")/D5,"") -> 0.032608696 | F5: =IFERROR(SUMIFS(clean_data!$K$2:$K$1409,clean_data!$D$2:$D$1409,"South",clean_data!$C$2:$C$1409,"Control")/D5,"") -> 0.22282609 | G5: =IFERROR(SUMIFS(clean_data!$N$2:$N$1409,clean_data!$D$2:$D$1409,"South",clean_data!$C$2:$C$1409,"Control")/D5,"") -> 76.033098 | H5: =IFERROR(SUMIFS(clean_data!$Q$2:$Q$1409,clean_data!$D$2:$D$1409,"South",clean_data!$C$2:$C$1409,"Control")/D5,"") -> 0 | I5: =IFERROR(SUMIFS(clean_data!$P$2:$P$1409,clean_data!$D$2:$D$1409,"South",clean_data!$C$2:$C$1409,"Control")/D5,"") -> 0.14130435 | J5: =IFERROR(AVERAGEIFS(clean_data!$T$2:$T$1409,clean_data!$D$2:$D$1409,"South",clean_data!$C$2:$C$1409,"Control"),"") -> 56.953804
A6: Region | B6: South | C6: Treatment | D6: =COUNTIFS(clean_data!$D$2:$D$1409,"South",clean_data!$C$2:$C$1409,"Treatment") -> 184 | E6: =IFERROR(SUMIFS(clean_data!$M$2:$M$1409,clean_data!$D$2:$D$1409,"South",clean_data!$C$2:$C$1409,"Treatment")/D6,"") -> 0.076086957 | F6: =IFERROR(SUMIFS(clean_data!$K$2:$K$1409,clean_data!$D$2:$D$1409,"South",clean_data!$C$2:$C$1409,"Treatment")/D6,"") -> 0.33152174 | G6: =IFERROR(SUMIFS(clean_data!$N$2:$N$1409,clean_data!$D$2:$D$1409,"South",clean_data!$C$2:$C$1409,"Treatment")/D6,"") -> 47.001685 | H6: =IFERROR(SUMIFS(clean_data!$Q$2:$Q$1409,clean_data!$D$2:$D$1409,"South",clean_data!$C$2:$C$1409,"Treatment")/D6,"") -> 0 | I6: =IFERROR(SUMIFS(clean_data!$P$2:$P$1409,clean_data!$D$2:$D$1409,"South",clean_data!$C$2:$C$1409,"Treatment")/D6,"") -> 0.22282609 | J6: =IFERROR(AVERAGEIFS(clean_data!$T$2:$T$1409,clean_data!$D$2:$D$1409,"South",clean_data!$C$2:$C$1409,"Treatment"),"") -> 62.133696
A7: Region | B7: East | C7: Control | D7: =COUNTIFS(clean_data!$D$2:$D$1409,"East",clean_data!$C$2:$C$1409,"Control") -> 158 | E7: =IFERROR(SUMIFS(clean_data!$M$2:$M$1409,clean_data!$D$2:$D$1409,"East",clean_data!$C$2:$C$1409,"Control")/D7,"") -> 0.025316456 | F7: =IFERROR(SUMIFS(clean_data!$K$2:$K$1409,clean_data!$D$2:$D$1409,"East",clean_data!$C$2:$C$1409,"Control")/D7,"") -> 0.29746835 | G7: =IFERROR(SUMIFS(clean_data!$N$2:$N$1409,clean_data!$D$2:$D$1409,"East",clean_data!$C$2:$C$1409,"Control")/D7,"") -> 18.116076 | H7: =IFERROR(SUMIFS(clean_data!$Q$2:$Q$1409,clean_data!$D$2:$D$1409,"East",clean_data!$C$2:$C$1409,"Control")/D7,"") -> 0 | I7: =IFERROR(SUMIFS(clean_data!$P$2:$P$1409,clean_data!$D$2:$D$1409,"East",clean_data!$C$2:$C$1409,"Control")/D7,"") -> 0.13924051 | J7: =IFERROR(AVERAGEIFS(clean_data!$T$2:$T$1409,clean_data!$D$2:$D$1409,"East",clean_data!$C$2:$C$1409,"Control"),"") -> 56.628481
A8: Region | B8: East | C8: Treatment | D8: =COUNTIFS(clean_data!$D$2:$D$1409,"East",clean_data!$C$2:$C$1409,"Treatment") -> 172 | E8: =IFERROR(SUMIFS(clean_data!$M$2:$M$1409,clean_data!$D$2:$D$1409,"East",clean_data!$C$2:$C$1409,"Treatment")/D8,"") -> 0.063953488 | F8: =IFERROR(SUMIFS(clean_data!$K$2:$K$1409,clean_data!$D$2:$D$1409,"East",clean_data!$C$2:$C$1409,"Treatment")/D8,"") -> 0.29651163 | G8: =IFERROR(SUMIFS(clean_data!$N$2:$N$1409,clean_data!$D$2:$D$1409,"East",clean_data!$C$2:$C$1409,"Treatment")/D8,"") -> 46.504651 | H8: =IFERROR(SUMIFS(clean_data!$Q$2:$Q$1409,clean_data!$D$2:$D$1409,"East",clean_data!$C$2:$C$1409,"Treatment")/D8,"") -> 0.0058139535 | I8: =IFERROR(SUMIFS(clean_data!$P$2:$P$1409,clean_data!$D$2:$D$1409,"East",clean_data!$C$2:$C$1409,"Treatment")/D8,"") -> 0.26744186 | J8: =IFERROR(AVERAGEIFS(clean_data!$T$2:$T$1409,clean_data!$D$2:$D$1409,"East",clean_data!$C$2:$C$1409,"Treatment"),"") -> 63.168605
A9: Region | B9: West | C9: Control | D9: =COUNTIFS(clean_data!$D$2:$D$1409,"West",clean_data!$C$2:$C$1409,"Control") -> 148 | E9: =IFERROR(SUMIFS(clean_data!$M$2:$M$1409,clean_data!$D$2:$D$1409,"West",clean_data!$C$2:$C$1409,"Control")/D9,"") -> 0.033783784 | F9: =IFERROR(SUMIFS(clean_data!$K$2:$K$1409,clean_data!$D$2:$D$1409,"West",clean_data!$C$2:$C$1409,"Control")/D9,"") -> 0.2972973 | G9: =IFERROR(SUMIFS(clean_data!$N$2:$N$1409,clean_data!$D$2:$D$1409,"West",clean_data!$C$2:$C$1409,"Control")/D9,"") -> 13.684662 | H9: =IFERROR(SUMIFS(clean_data!$Q$2:$Q$1409,clean_data!$D$2:$D$1409,"West",clean_data!$C$2:$C$1409,"Control")/D9,"") -> 0 | I9: =IFERROR(SUMIFS(clean_data!$P$2:$P$1409,clean_data!$D$2:$D$1409,"West",clean_data!$C$2:$C$1409,"Control")/D9,"") -> 0.15540541 | J9: =IFERROR(AVERAGEIFS(clean_data!$T$2:$T$1409,clean_data!$D$2:$D$1409,"West",clean_data!$C$2:$C$1409,"Control"),"") -> 56.898649
A10: Region | B10: West | C10: Treatment | D10: =COUNTIFS(clean_data!$D$2:$D$1409,"West",clean_data!$C$2:$C$1409,"Treatment") -> 179 | E10: =IFERROR(SUMIFS(clean_data!$M$2:$M$1409,clean_data!$D$2:$D$1409,"West",clean_data!$C$2:$C$1409,"Treatment")/D10,"") -> 0.05027933 | F10: =IFERROR(SUMIFS(clean_data!$K$2:$K$1409,clean_data!$D$2:$D$1409,"West",clean_data!$C$2:$C$1409,"Treatment")/D10,"") -> 0.24022346 | G10: =IFERROR(SUMIFS(clean_data!$N$2:$N$1409,clean_data!$D$2:$D$1409,"West",clean_data!$C$2:$C$1409,"Treatment")/D10,"") -> 40.77905 | H10: =IFERROR(SUMIFS(clean_data!$Q$2:$Q$1409,clean_data!$D$2:$D$1409,"West",clean_data!$C$2:$C$1409,"Treatment")/D10,"") -> 0.011173184 | I10: =IFERROR(SUMIFS(clean_data!$P$2:$P$1409,clean_data!$D$2:$D$1409,"West",clean_data!$C$2:$C$1409,"Treatment")/D10,"") -> 0.27374302 | J10: =IFERROR(AVERAGEIFS(clean_data!$T$2:$T$1409,clean_data!$D$2:$D$1409,"West",clean_data!$C$2:$C$1409,"Treatment"),"") -> 63.239106
A13: Device Type
A14: Segment type | B14: Segment | C14: Group | D14: User count | E14: Paid conversion rate | F14: Trial start rate | G14: ARPU | H14: Refund rate | I14: Support ticket rate | J14: Avg engagement score
A15: Device Type | B15: Desktop | C15: Control | D15: =COUNTIFS(clean_data!$F$2:$F$1409,"Desktop",clean_data!$C$2:$C$1409,"Control") -> 200 | E15: =IFERROR(SUMIFS(clean_data!$M$2:$M$1409,clean_data!$F$2:$F$1409,"Desktop",clean_data!$C$2:$C$1409,"Control")/D15,"") -> 0.045 | F15: =IFERROR(SUMIFS(clean_data!$K$2:$K$1409,clean_data!$F$2:$F$1409,"Desktop",clean_data!$C$2:$C$1409,"Control")/D15,"") -> 0.25 | G15: =IFERROR(SUMIFS(clean_data!$N$2:$N$1409,clean_data!$F$2:$F$1409,"Desktop",clean_data!$C$2:$C$1409,"Control")/D15,"") -> 84.94295 | H15: =IFERROR(SUMIFS(clean_data!$Q$2:$Q$1409,clean_data!$F$2:$F$1409,"Desktop",clean_data!$C$2:$C$1409,"Control")/D15,"") -> 0 | I15: =IFERROR(SUMIFS(clean_data!$P$2:$P$1409,clean_data!$F$2:$F$1409,"Desktop",clean_data!$C$2:$C$1409,"Control")/D15,"") -> 0.15 | J15: =IFERROR(AVERAGEIFS(clean_data!$T$2:$T$1409,clean_data!$F$2:$F$1409,"Desktop",clean_data!$C$2:$C$1409,"Control"),"") -> 57.226
A16: Device Type | B16: Desktop | C16: Treatment | D16: =COUNTIFS(clean_data!$F$2:$F$1409,"Desktop",clean_data!$C$2:$C$1409,"Treatment") -> 214 | E16: =IFERROR(SUMIFS(clean_data!$M$2:$M$1409,clean_data!$F$2:$F$1409,"Desktop",clean_data!$C$2:$C$1409,"Treatment")/D16,"") -> 0.065420561 | F16: =IFERROR(SUMIFS(clean_data!$K$2:$K$1409,clean_data!$F$2:$F$1409,"Desktop",clean_data!$C$2:$C$1409,"Treatment")/D16,"") -> 0.27102804 | G16: =IFERROR(SUMIFS(clean_data!$N$2:$N$1409,clean_data!$F$2:$F$1409,"Desktop",clean_data!$C$2:$C$1409,"Treatment")/D16,"") -> 40.958131 | H16: =IFERROR(SUMIFS(clean_data!$Q$2:$Q$1409,clean_data!$F$2:$F$1409,"Desktop",clean_data!$C$2:$C$1409,"Treatment")/D16,"") -> 0 | I16: =IFERROR(SUMIFS(clean_data!$P$2:$P$1409,clean_data!$F$2:$F$1409,"Desktop",clean_data!$C$2:$C$1409,"Treatment")/D16,"") -> 0.23831776 | J16: =IFERROR(AVERAGEIFS(clean_data!$T$2:$T$1409,clean_data!$F$2:$F$1409,"Desktop",clean_data!$C$2:$C$1409,"Treatment"),"") -> 63.214019
A17: Device Type | B17: Mobile | C17: Control | D17: =COUNTIFS(clean_data!$F$2:$F$1409,"Mobile",clean_data!$C$2:$C$1409,"Control") -> 428 | E17: =IFERROR(SUMIFS(clean_data!$M$2:$M$1409,clean_data!$F$2:$F$1409,"Mobile",clean_data!$C$2:$C$1409,"Control")/D17,"") -> 0.025700935 | F17: =IFERROR(SUMIFS(clean_data!$K$2:$K$1409,clean_data!$F$2:$F$1409,"Mobile",clean_data!$C$2:$C$1409,"Control")/D17,"") -> 0.2453271 | G17: =IFERROR(SUMIFS(clean_data!$N$2:$N$1409,clean_data!$F$2:$F$1409,"Mobile",clean_data!$C$2:$C$1409,"Control")/D17,"") -> 41.847967 | H17: =IFERROR(SUMIFS(clean_data!$Q$2:$Q$1409,clean_data!$F$2:$F$1409,"Mobile",clean_data!$C$2:$C$1409,"Control")/D17,"") -> 0 | I17: =IFERROR(SUMIFS(clean_data!$P$2:$P$1409,clean_data!$F$2:$F$1409,"Mobile",clean_data!$C$2:$C$1409,"Control")/D17,"") -> 0.15186916 | J17: =IFERROR(AVERAGEIFS(clean_data!$T$2:$T$1409,clean_data!$F$2:$F$1409,"Mobile",clean_data!$C$2:$C$1409,"Control"),"") -> 57.371729
A18: Device Type | B18: Mobile | C18: Treatment | D18: =COUNTIFS(clean_data!$F$2:$F$1409,"Mobile",clean_data!$C$2:$C$1409,"Treatment") -> 436 | E18: =IFERROR(SUMIFS(clean_data!$M$2:$M$1409,clean_data!$F$2:$F$1409,"Mobile",clean_data!$C$2:$C$1409,"Treatment")/D18,"") -> 0.073394495 | F18: =IFERROR(SUMIFS(clean_data!$K$2:$K$1409,clean_data!$F$2:$F$1409,"Mobile",clean_data!$C$2:$C$1409,"Treatment")/D18,"") -> 0.30963303 | G18: =IFERROR(SUMIFS(clean_data!$N$2:$N$1409,clean_data!$F$2:$F$1409,"Mobile",clean_data!$C$2:$C$1409,"Treatment")/D18,"") -> 58.828349 | H18: =IFERROR(SUMIFS(clean_data!$Q$2:$Q$1409,clean_data!$F$2:$F$1409,"Mobile",clean_data!$C$2:$C$1409,"Treatment")/D18,"") -> 0.0068807339 | I18: =IFERROR(SUMIFS(clean_data!$P$2:$P$1409,clean_data!$F$2:$F$1409,"Mobile",clean_data!$C$2:$C$1409,"Treatment")/D18,"") -> 0.25229358 | J18: =IFERROR(AVERAGEIFS(clean_data!$T$2:$T$1409,clean_data!$F$2:$F$1409,"Mobile",clean_data!$C$2:$C$1409,"Treatment"),"") -> 62.744037
A19: Device Type | B19: Tablet | C19: Control | D19: =COUNTIFS(clean_data!$F$2:$F$1409,"Tablet",clean_data!$C$2:$C$1409,"Control") -> 56 | E19: =IFERROR(SUMIFS(clean_data!$M$2:$M$1409,clean_data!$F$2:$F$1409,"Tablet",clean_data!$C$2:$C$1409,"Control")/D19,"") -> 0.017857143 | F19: =IFERROR(SUMIFS(clean_data!$K$2:$K$1409,clean_data!$F$2:$F$1409,"Tablet",clean_data!$C$2:$C$1409,"Control")/D19,"") -> 0.23214286 | G19: =IFERROR(SUMIFS(clean_data!$N$2:$N$1409,clean_data!$F$2:$F$1409,"Tablet",clean_data!$C$2:$C$1409,"Control")/D19,"") -> 7.3105357 | H19: =IFERROR(SUMIFS(clean_data!$Q$2:$Q$1409,clean_data!$F$2:$F$1409,"Tablet",clean_data!$C$2:$C$1409,"Control")/D19,"") -> 0 | I19: =IFERROR(SUMIFS(clean_data!$P$2:$P$1409,clean_data!$F$2:$F$1409,"Tablet",clean_data!$C$2:$C$1409,"Control")/D19,"") -> 0.10714286 | J19: =IFERROR(AVERAGEIFS(clean_data!$T$2:$T$1409,clean_data!$F$2:$F$1409,"Tablet",clean_data!$C$2:$C$1409,"Control"),"") -> 55.832143
A20: Device Type | B20: Tablet | C20: Treatment | D20: =COUNTIFS(clean_data!$F$2:$F$1409,"Tablet",clean_data!$C$2:$C$1409,"Treatment") -> 56 | E20: =IFERROR(SUMIFS(clean_data!$M$2:$M$1409,clean_data!$F$2:$F$1409,"Tablet",clean_data!$C$2:$C$1409,"Treatment")/D20,"") -> 0.071428571 | F20: =IFERROR(SUMIFS(clean_data!$K$2:$K$1409,clean_data!$F$2:$F$1409,"Tablet",clean_data!$C$2:$C$1409,"Treatment")/D20,"") -> 0.25 | G20: =IFERROR(SUMIFS(clean_data!$N$2:$N$1409,clean_data!$F$2:$F$1409,"Tablet",clean_data!$C$2:$C$1409,"Treatment")/D20,"") -> 73.330536 | H20: =IFERROR(SUMIFS(clean_data!$Q$2:$Q$1409,clean_data!$F$2:$F$1409,"Tablet",clean_data!$C$2:$C$1409,"Treatment")/D20,"") -> 0 | I20: =IFERROR(SUMIFS(clean_data!$P$2:$P$1409,clean_data!$F$2:$F$1409,"Tablet",clean_data!$C$2:$C$1409,"Treatment")/D20,"") -> 0.21428571 | J20: =IFERROR(AVERAGEIFS(clean_data!$T$2:$T$1409,clean_data!$F$2:$F$1409,"Tablet",clean_data!$C$2:$C$1409,"Treatment"),"") -> 63.007143
A21: Device Type | B21: Unknown | C21: Control | D21: =COUNTIFS(clean_data!$F$2:$F$1409,"Unknown",clean_data!$C$2:$C$1409,"Control") -> 9 | E21: =IFERROR(SUMIFS(clean_data!$M$2:$M$1409,clean_data!$F$2:$F$1409,"Unknown",clean_data!$C$2:$C$1409,"Control")/D21,"") -> 0.11111111 | F21: =IFERROR(SUMIFS(clean_data!$K$2:$K$1409,clean_data!$F$2:$F$1409,"Unknown",clean_data!$C$2:$C$1409,"Control")/D21,"") -> 0.66666667 | G21: =IFERROR(SUMIFS(clean_data!$N$2:$N$1409,clean_data!$F$2:$F$1409,"Unknown",clean_data!$C$2:$C$1409,"Control")/D21,"") -> 61.485556 | H21: =IFERROR(SUMIFS(clean_data!$Q$2:$Q$1409,clean_data!$F$2:$F$1409,"Unknown",clean_data!$C$2:$C$1409,"Control")/D21,"") -> 0 | I21: =IFERROR(SUMIFS(clean_data!$P$2:$P$1409,clean_data!$F$2:$F$1409,"Unknown",clean_data!$C$2:$C$1409,"Control")/D21,"") -> 0.11111111 | J21: =IFERROR(AVERAGEIFS(clean_data!$T$2:$T$1409,clean_data!$F$2:$F$1409,"Unknown",clean_data!$C$2:$C$1409,"Control"),"") -> 45.5
A22: Device Type | B22: Unknown | C22: Treatment | D22: =COUNTIFS(clean_data!$F$2:$F$1409,"Unknown",clean_data!$C$2:$C$1409,"Treatment") -> 9 | E22: =IFERROR(SUMIFS(clean_data!$M$2:$M$1409,clean_data!$F$2:$F$1409,"Unknown",clean_data!$C$2:$C$1409,"Treatment")/D22,"") -> 0 | F22: =IFERROR(SUMIFS(clean_data!$K$2:$K$1409,clean_data!$F$2:$F$1409,"Unknown",clean_data!$C$2:$C$1409,"Treatment")/D22,"") -> 0.11111111 | G22: =IFERROR(SUMIFS(clean_data!$N$2:$N$1409,clean_data!$F$2:$F$1409,"Unknown",clean_data!$C$2:$C$1409,"Treatment")/D22,"") -> 0 | H22: =IFERROR(SUMIFS(clean_data!$Q$2:$Q$1409,clean_data!$F$2:$F$1409,"Unknown",clean_data!$C$2:$C$1409,"Treatment")/D22,"") -> 0 | I22: =IFERROR(SUMIFS(clean_data!$P$2:$P$1409,clean_data!$F$2:$F$1409,"Unknown",clean_data!$C$2:$C$1409,"Treatment")/D22,"") -> 0.44444444 | J22: =IFERROR(AVERAGEIFS(clean_data!$T$2:$T$1409,clean_data!$F$2:$F$1409,"Unknown",clean_data!$C$2:$C$1409,"Treatment"),"") -> 62.166667
A25: Traffic Source
A26: Segment type | B26: Segment | C26: Group | D26: User count | E26: Paid conversion rate | F26: Trial start rate | G26: ARPU | H26: Refund rate | I26: Support ticket rate | J26: Avg engagement score
A27: Traffic Source | B27: Email | C27: Control | D27: =COUNTIFS(clean_data!$H$2:$H$1409,"Email",clean_data!$C$2:$C$1409,"Control") -> 74 | E27: =IFERROR(SUMIFS(clean_data!$M$2:$M$1409,clean_data!$H$2:$H$1409,"Email",clean_data!$C$2:$C$1409,"Control")/D27,"") -> 0.027027027 | F27: =IFERROR(SUMIFS(clean_data!$K$2:$K$1409,clean_data!$H$2:$H$1409,"Email",clean_data!$C$2:$C$1409,"Control")/D27,"") -> 0.24324324 | G27: =IFERROR(SUMIFS(clean_data!$N$2:$N$1409,clean_data!$H$2:$H$1409,"Email",clean_data!$C$2:$C$1409,"Control")/D27,"") -> 28.720676 | H27: =IFERROR(SUMIFS(clean_data!$Q$2:$Q$1409,clean_data!$H$2:$H$1409,"Email",clean_data!$C$2:$C$1409,"Control")/D27,"") -> 0 | I27: =IFERROR(SUMIFS(clean_data!$P$2:$P$1409,clean_data!$H$2:$H$1409,"Email",clean_data!$C$2:$C$1409,"Control")/D27,"") -> 0.16216216 | J27: =IFERROR(AVERAGEIFS(clean_data!$T$2:$T$1409,clean_data!$H$2:$H$1409,"Email",clean_data!$C$2:$C$1409,"Control"),"") -> 57.828378
A28: Traffic Source | B28: Email | C28: Treatment | D28: =COUNTIFS(clean_data!$H$2:$H$1409,"Email",clean_data!$C$2:$C$1409,"Treatment") -> 56 | E28: =IFERROR(SUMIFS(clean_data!$M$2:$M$1409,clean_data!$H$2:$H$1409,"Email",clean_data!$C$2:$C$1409,"Treatment")/D28,"") -> 0.071428571 | F28: =IFERROR(SUMIFS(clean_data!$K$2:$K$1409,clean_data!$H$2:$H$1409,"Email",clean_data!$C$2:$C$1409,"Treatment")/D28,"") -> 0.35714286 | G28: =IFERROR(SUMIFS(clean_data!$N$2:$N$1409,clean_data!$H$2:$H$1409,"Email",clean_data!$C$2:$C$1409,"Treatment")/D28,"") -> 44.980893 | H28: =IFERROR(SUMIFS(clean_data!$Q$2:$Q$1409,clean_data!$H$2:$H$1409,"Email",clean_data!$C$2:$C$1409,"Treatment")/D28,"") -> 0 | I28: =IFERROR(SUMIFS(clean_data!$P$2:$P$1409,clean_data!$H$2:$H$1409,"Email",clean_data!$C$2:$C$1409,"Treatment")/D28,"") -> 0.33928571 | J28: =IFERROR(AVERAGEIFS(clean_data!$T$2:$T$1409,clean_data!$H$2:$H$1409,"Email",clean_data!$C$2:$C$1409,"Treatment"),"") -> 62.241071
A29: Traffic Source | B29: Organic | C29: Control | D29: =COUNTIFS(clean_data!$H$2:$H$1409,"Organic",clean_data!$C$2:$C$1409,"Control") -> 246 | E29: =IFERROR(SUMIFS(clean_data!$M$2:$M$1409,clean_data!$H$2:$H$1409,"Organic",clean_data!$C$2:$C$1409,"Control")/D29,"") -> 0.020325203 | F29: =IFERROR(SUMIFS(clean_data!$K$2:$K$1409,clean_data!$H$2:$H$1409,"Organic",clean_data!$C$2:$C$1409,"Control")/D29,"") -> 0.21138211 | G29: =IFERROR(SUMIFS(clean_data!$N$2:$N$1409,clean_data!$H$2:$H$1409,"Organic",clean_data!$C$2:$C$1409,"Control")/D29,"") -> 42.512602 | H29: =IFERROR(SUMIFS(clean_data!$Q$2:$Q$1409,clean_data!$H$2:$H$1409,"Organic",clean_data!$C$2:$C$1409,"Control")/D29,"") -> 0 | I29: =IFERROR(SUMIFS(clean_data!$P$2:$P$1409,clean_data!$H$2:$H$1409,"Organic",clean_data!$C$2:$C$1409,"Control")/D29,"") -> 0.12195122 | J29: =IFERROR(AVERAGEIFS(clean_data!$T$2:$T$1409,clean_data!$H$2:$H$1409,"Organic",clean_data!$C$2:$C$1409,"Control"),"") -> 58.457317
A30: Traffic Source | B30: Organic | C30: Treatment | D30: =COUNTIFS(clean_data!$H$2:$H$1409,"Organic",clean_data!$C$2:$C$1409,"Treatment") -> 241 | E30: =IFERROR(SUMIFS(clean_data!$M$2:$M$1409,clean_data!$H$2:$H$1409,"Organic",clean_data!$C$2:$C$1409,"Treatment")/D30,"") -> 0.062240664 | F30: =IFERROR(SUMIFS(clean_data!$K$2:$K$1409,clean_data!$H$2:$H$1409,"Organic",clean_data!$C$2:$C$1409,"Treatment")/D30,"") -> 0.26556017 | G30: =IFERROR(SUMIFS(clean_data!$N$2:$N$1409,clean_data!$H$2:$H$1409,"Organic",clean_data!$C$2:$C$1409,"Treatment")/D30,"") -> 50.70639 | H30: =IFERROR(SUMIFS(clean_data!$Q$2:$Q$1409,clean_data!$H$2:$H$1409,"Organic",clean_data!$C$2:$C$1409,"Treatment")/D30,"") -> 0 | I30: =IFERROR(SUMIFS(clean_data!$P$2:$P$1409,clean_data!$H$2:$H$1409,"Organic",clean_data!$C$2:$C$1409,"Treatment")/D30,"") -> 0.22821577 | J30: =IFERROR(AVERAGEIFS(clean_data!$T$2:$T$1409,clean_data!$H$2:$H$1409,"Organic",clean_data!$C$2:$C$1409,"Treatment"),"") -> 61.514108
A31: Traffic Source | B31: Paid Search | C31: Control | D31: =COUNTIFS(clean_data!$H$2:$H$1409,"Paid Search",clean_data!$C$2:$C$1409,"Control") -> 156 | E31: =IFERROR(SUMIFS(clean_data!$M$2:$M$1409,clean_data!$H$2:$H$1409,"Paid Search",clean_data!$C$2:$C$1409,"Control")/D31,"") -> 0.012820513 | F31: =IFERROR(SUMIFS(clean_data!$K$2:$K$1409,clean_data!$H$2:$H$1409,"Paid Search",clean_data!$C$2:$C$1409,"Control")/D31,"") -> 0.25641026 | G31: =IFERROR(SUMIFS(clean_data!$N$2:$N$1409,clean_data!$H$2:$H$1409,"Paid Search",clean_data!$C$2:$C$1409,"Control")/D31,"") -> 10.837436 | H31: =IFERROR(SUMIFS(clean_data!$Q$2:$Q$1409,clean_data!$H$2:$H$1409,"Paid Search",clean_data!$C$2:$C$1409,"Control")/D31,"") -> 0 | I31: =IFERROR(SUMIFS(clean_data!$P$2:$P$1409,clean_data!$H$2:$H$1409,"Paid Search",clean_data!$C$2:$C$1409,"Control")/D31,"") -> 0.18589744 | J31: =IFERROR(AVERAGEIFS(clean_data!$T$2:$T$1409,clean_data!$H$2:$H$1409,"Paid Search",clean_data!$C$2:$C$1409,"Control"),"") -> 54.6
A32: Traffic Source | B32: Paid Search | C32: Treatment | D32: =COUNTIFS(clean_data!$H$2:$H$1409,"Paid Search",clean_data!$C$2:$C$1409,"Treatment") -> 176 | E32: =IFERROR(SUMIFS(clean_data!$M$2:$M$1409,clean_data!$H$2:$H$1409,"Paid Search",clean_data!$C$2:$C$1409,"Treatment")/D32,"") -> 0.0625 | F32: =IFERROR(SUMIFS(clean_data!$K$2:$K$1409,clean_data!$H$2:$H$1409,"Paid Search",clean_data!$C$2:$C$1409,"Treatment")/D32,"") -> 0.26136364 | G32: =IFERROR(SUMIFS(clean_data!$N$2:$N$1409,clean_data!$H$2:$H$1409,"Paid Search",clean_data!$C$2:$C$1409,"Treatment")/D32,"") -> 34.781591 | H32: =IFERROR(SUMIFS(clean_data!$Q$2:$Q$1409,clean_data!$H$2:$H$1409,"Paid Search",clean_data!$C$2:$C$1409,"Treatment")/D32,"") -> 0.0056818182 | I32: =IFERROR(SUMIFS(clean_data!$P$2:$P$1409,clean_data!$H$2:$H$1409,"Paid Search",clean_data!$C$2:$C$1409,"Treatment")/D32,"") -> 0.22159091 | J32: =IFERROR(AVERAGEIFS(clean_data!$T$2:$T$1409,clean_data!$H$2:$H$1409,"Paid Search",clean_data!$C$2:$C$1409,"Treatment"),"") -> 62.796023
A33: Traffic Source | B33: Referral | C33: Control | D33: =COUNTIFS(clean_data!$H$2:$H$1409,"Referral",clean_data!$C$2:$C$1409,"Control") -> 81 | E33: =IFERROR(SUMIFS(clean_data!$M$2:$M$1409,clean_data!$H$2:$H$1409,"Referral",clean_data!$C$2:$C$1409,"Control")/D33,"") -> 0.024691358 | F33: =IFERROR(SUMIFS(clean_data!$K$2:$K$1409,clean_data!$H$2:$H$1409,"Referral",clean_data!$C$2:$C$1409,"Control")/D33,"") -> 0.25925926 | G33: =IFERROR(SUMIFS(clean_data!$N$2:$N$1409,clean_data!$H$2:$H$1409,"Referral",clean_data!$C$2:$C$1409,"Control")/D33,"") -> 33.310988 | H33: =IFERROR(SUMIFS(clean_data!$Q$2:$Q$1409,clean_data!$H$2:$H$1409,"Referral",clean_data!$C$2:$C$1409,"Control")/D33,"") -> 0 | I33: =IFERROR(SUMIFS(clean_data!$P$2:$P$1409,clean_data!$H$2:$H$1409,"Referral",clean_data!$C$2:$C$1409,"Control")/D33,"") -> 0.12345679 | J33: =IFERROR(AVERAGEIFS(clean_data!$T$2:$T$1409,clean_data!$H$2:$H$1409,"Referral",clean_data!$C$2:$C$1409,"Control"),"") -> 58.391358
A34: Traffic Source | B34: Referral | C34: Treatment | D34: =COUNTIFS(clean_data!$H$2:$H$1409,"Referral",clean_data!$C$2:$C$1409,"Treatment") -> 91 | E34: =IFERROR(SUMIFS(clean_data!$M$2:$M$1409,clean_data!$H$2:$H$1409,"Referral",clean_data!$C$2:$C$1409,"Treatment")/D34,"") -> 0.10989011 | F34: =IFERROR(SUMIFS(clean_data!$K$2:$K$1409,clean_data!$H$2:$H$1409,"Referral",clean_data!$C$2:$C$1409,"Treatment")/D34,"") -> 0.35164835 | G34: =IFERROR(SUMIFS(clean_data!$N$2:$N$1409,clean_data!$H$2:$H$1409,"Referral",clean_data!$C$2:$C$1409,"Treatment")/D34,"") -> 103.00418 | H34: =IFERROR(SUMIFS(clean_data!$Q$2:$Q$1409,clean_data!$H$2:$H$1409,"Referral",clean_data!$C$2:$C$1409,"Treatment")/D34,"") -> 0.010989011 | I34: =IFERROR(SUMIFS(clean_data!$P$2:$P$1409,clean_data!$H$2:$H$1409,"Referral",clean_data!$C$2:$C$1409,"Treatment")/D34,"") -> 0.28571429 | J34: =IFERROR(AVERAGEIFS(clean_data!$T$2:$T$1409,clean_data!$H$2:$H$1409,"Referral",clean_data!$C$2:$C$1409,"Treatment"),"") -> 64.154945
A35: Traffic Source | B35: Social | C35: Control | D35: =COUNTIFS(clean_data!$H$2:$H$1409,"Social",clean_data!$C$2:$C$1409,"Control") -> 130 | E35: =IFERROR(SUMIFS(clean_data!$M$2:$M$1409,clean_data!$H$2:$H$1409,"Social",clean_data!$C$2:$C$1409,"Control")/D35,"") -> 0.076923077 | F35: =IFERROR(SUMIFS(clean_data!$K$2:$K$1409,clean_data!$H$2:$H$1409,"Social",clean_data!$C$2:$C$1409,"Control")/D35,"") -> 0.31538462 | G35: =IFERROR(SUMIFS(clean_data!$N$2:$N$1409,clean_data!$H$2:$H$1409,"Social",clean_data!$C$2:$C$1409,"Control")/D35,"") -> 136.08715 | H35: =IFERROR(SUMIFS(clean_data!$Q$2:$Q$1409,clean_data!$H$2:$H$1409,"Social",clean_data!$C$2:$C$1409,"Control")/D35,"") -> 0 | I35: =IFERROR(SUMIFS(clean_data!$P$2:$P$1409,clean_data!$H$2:$H$1409,"Social",clean_data!$C$2:$C$1409,"Control")/D35,"") -> 0.14615385 | J35: =IFERROR(AVERAGEIFS(clean_data!$T$2:$T$1409,clean_data!$H$2:$H$1409,"Social",clean_data!$C$2:$C$1409,"Control"),"") -> 56.001538
A36: Traffic Source | B36: Social | C36: Treatment | D36: =COUNTIFS(clean_data!$H$2:$H$1409,"Social",clean_data!$C$2:$C$1409,"Treatment") -> 133 | E36: =IFERROR(SUMIFS(clean_data!$M$2:$M$1409,clean_data!$H$2:$H$1409,"Social",clean_data!$C$2:$C$1409,"Treatment")/D36,"") -> 0.060150376 | F36: =IFERROR(SUMIFS(clean_data!$K$2:$K$1409,clean_data!$H$2:$H$1409,"Social",clean_data!$C$2:$C$1409,"Treatment")/D36,"") -> 0.31578947 | G36: =IFERROR(SUMIFS(clean_data!$N$2:$N$1409,clean_data!$H$2:$H$1409,"Social",clean_data!$C$2:$C$1409,"Treatment")/D36,"") -> 51.552105 | H36: =IFERROR(SUMIFS(clean_data!$Q$2:$Q$1409,clean_data!$H$2:$H$1409,"Social",clean_data!$C$2:$C$1409,"Treatment")/D36,"") -> 0.007518797 | I36: =IFERROR(SUMIFS(clean_data!$P$2:$P$1409,clean_data!$H$2:$H$1409,"Social",clean_data!$C$2:$C$1409,"Treatment")/D36,"") -> 0.27067669 | J36: =IFERROR(AVERAGEIFS(clean_data!$T$2:$T$1409,clean_data!$H$2:$H$1409,"Social",clean_data!$C$2:$C$1409,"Treatment"),"") -> 63.790226
A37: Traffic Source | B37: Unknown | C37: Control | D37: =COUNTIFS(clean_data!$H$2:$H$1409,"Unknown",clean_data!$C$2:$C$1409,"Control") -> 6 | E37: =IFERROR(SUMIFS(clean_data!$M$2:$M$1409,clean_data!$H$2:$H$1409,"Unknown",clean_data!$C$2:$C$1409,"Control")/D37,"") -> 0.16666667 | F37: =IFERROR(SUMIFS(clean_data!$K$2:$K$1409,clean_data!$H$2:$H$1409,"Unknown",clean_data!$C$2:$C$1409,"Control")/D37,"") -> 0.33333333 | G37: =IFERROR(SUMIFS(clean_data!$N$2:$N$1409,clean_data!$H$2:$H$1409,"Unknown",clean_data!$C$2:$C$1409,"Control")/D37,"") -> 199.78167 | H37: =IFERROR(SUMIFS(clean_data!$Q$2:$Q$1409,clean_data!$H$2:$H$1409,"Unknown",clean_data!$C$2:$C$1409,"Control")/D37,"") -> 0 | I37: =IFERROR(SUMIFS(clean_data!$P$2:$P$1409,clean_data!$H$2:$H$1409,"Unknown",clean_data!$C$2:$C$1409,"Control")/D37,"") -> 0.33333333 | J37: =IFERROR(AVERAGEIFS(clean_data!$T$2:$T$1409,clean_data!$H$2:$H$1409,"Unknown",clean_data!$C$2:$C$1409,"Control"),"") -> 58.183333
A38: Traffic Source | B38: Unknown | C38: Treatment | D38: =COUNTIFS(clean_data!$H$2:$H$1409,"Unknown",clean_data!$C$2:$C$1409,"Treatment") -> 18 | E38: =IFERROR(SUMIFS(clean_data!$M$2:$M$1409,clean_data!$H$2:$H$1409,"Unknown",clean_data!$C$2:$C$1409,"Treatment")/D38,"") -> 0.11111111 | F38: =IFERROR(SUMIFS(clean_data!$K$2:$K$1409,clean_data!$H$2:$H$1409,"Unknown",clean_data!$C$2:$C$1409,"Treatment")/D38,"") -> 0.22222222 | G38: =IFERROR(SUMIFS(clean_data!$N$2:$N$1409,clean_data!$H$2:$H$1409,"Unknown",clean_data!$C$2:$C$1409,"Treatment")/D38,"") -> 79.453889 | H38: =IFERROR(SUMIFS(clean_data!$Q$2:$Q$1409,clean_data!$H$2:$H$1409,"Unknown",clean_data!$C$2:$C$1409,"Treatment")/D38,"") -> 0 | I38: =IFERROR(SUMIFS(clean_data!$P$2:$P$1409,clean_data!$H$2:$H$1409,"Unknown",clean_data!$C$2:$C$1409,"Treatment")/D38,"") -> 0.11111111 | J38: =IFERROR(AVERAGEIFS(clean_data!$T$2:$T$1409,clean_data!$H$2:$H$1409,"Unknown",clean_data!$C$2:$C$1409,"Treatment"),"") -> 71.522222
A41: Plan Type
A42: Segment type | B42: Segment | C42: Group | D42: User count | E42: Paid conversion rate | F42: Trial start rate | G42: ARPU | H42: Refund rate | I42: Support ticket rate | J42: Avg engagement score
A43: Plan Type | B43: Basic | C43: Control | D43: =COUNTIFS(clean_data!$I$2:$I$1409,"Basic",clean_data!$C$2:$C$1409,"Control") -> 223 | E43: =IFERROR(SUMIFS(clean_data!$M$2:$M$1409,clean_data!$I$2:$I$1409,"Basic",clean_data!$C$2:$C$1409,"Control")/D43,"") -> 0.035874439 | F43: =IFERROR(SUMIFS(clean_data!$K$2:$K$1409,clean_data!$I$2:$I$1409,"Basic",clean_data!$C$2:$C$1409,"Control")/D43,"") -> 0.23766816 | G43: =IFERROR(SUMIFS(clean_data!$N$2:$N$1409,clean_data!$I$2:$I$1409,"Basic",clean_data!$C$2:$C$1409,"Control")/D43,"") -> 97.800314 | H43: =IFERROR(SUMIFS(clean_data!$Q$2:$Q$1409,clean_data!$I$2:$I$1409,"Basic",clean_data!$C$2:$C$1409,"Control")/D43,"") -> 0 | I43: =IFERROR(SUMIFS(clean_data!$P$2:$P$1409,clean_data!$I$2:$I$1409,"Basic",clean_data!$C$2:$C$1409,"Control")/D43,"") -> 0.14349776 | J43: =IFERROR(AVERAGEIFS(clean_data!$T$2:$T$1409,clean_data!$I$2:$I$1409,"Basic",clean_data!$C$2:$C$1409,"Control"),"") -> 56.924664
A44: Plan Type | B44: Basic | C44: Treatment | D44: =COUNTIFS(clean_data!$I$2:$I$1409,"Basic",clean_data!$C$2:$C$1409,"Treatment") -> 235 | E44: =IFERROR(SUMIFS(clean_data!$M$2:$M$1409,clean_data!$I$2:$I$1409,"Basic",clean_data!$C$2:$C$1409,"Treatment")/D44,"") -> 0.038297872 | F44: =IFERROR(SUMIFS(clean_data!$K$2:$K$1409,clean_data!$I$2:$I$1409,"Basic",clean_data!$C$2:$C$1409,"Treatment")/D44,"") -> 0.28085106 | G44: =IFERROR(SUMIFS(clean_data!$N$2:$N$1409,clean_data!$I$2:$I$1409,"Basic",clean_data!$C$2:$C$1409,"Treatment")/D44,"") -> 36.288596 | H44: =IFERROR(SUMIFS(clean_data!$Q$2:$Q$1409,clean_data!$I$2:$I$1409,"Basic",clean_data!$C$2:$C$1409,"Treatment")/D44,"") -> 0 | I44: =IFERROR(SUMIFS(clean_data!$P$2:$P$1409,clean_data!$I$2:$I$1409,"Basic",clean_data!$C$2:$C$1409,"Treatment")/D44,"") -> 0.24680851 | J44: =IFERROR(AVERAGEIFS(clean_data!$T$2:$T$1409,clean_data!$I$2:$I$1409,"Basic",clean_data!$C$2:$C$1409,"Treatment"),"") -> 62.872766
A45: Plan Type | B45: Free | C45: Control | D45: =COUNTIFS(clean_data!$I$2:$I$1409,"Free",clean_data!$C$2:$C$1409,"Control") -> 361 | E45: =IFERROR(SUMIFS(clean_data!$M$2:$M$1409,clean_data!$I$2:$I$1409,"Free",clean_data!$C$2:$C$1409,"Control")/D45,"") -> 0.030470914 | F45: =IFERROR(SUMIFS(clean_data!$K$2:$K$1409,clean_data!$I$2:$I$1409,"Free",clean_data!$C$2:$C$1409,"Control")/D45,"") -> 0.24930748 | G45: =IFERROR(SUMIFS(clean_data!$N$2:$N$1409,clean_data!$I$2:$I$1409,"Free",clean_data!$C$2:$C$1409,"Control")/D45,"") -> 22.665596 | H45: =IFERROR(SUMIFS(clean_data!$Q$2:$Q$1409,clean_data!$I$2:$I$1409,"Free",clean_data!$C$2:$C$1409,"Control")/D45,"") -> 0 | I45: =IFERROR(SUMIFS(clean_data!$P$2:$P$1409,clean_data!$I$2:$I$1409,"Free",clean_data!$C$2:$C$1409,"Control")/D45,"") -> 0.12188366 | J45: =IFERROR(AVERAGEIFS(clean_data!$T$2:$T$1409,clean_data!$I$2:$I$1409,"Free",clean_data!$C$2:$C$1409,"Control"),"") -> 57.323546
A46: Plan Type | B46: Free | C46: Treatment | D46: =COUNTIFS(clean_data!$I$2:$I$1409,"Free",clean_data!$C$2:$C$1409,"Treatment") -> 368 | E46: =IFERROR(SUMIFS(clean_data!$M$2:$M$1409,clean_data!$I$2:$I$1409,"Free",clean_data!$C$2:$C$1409,"Treatment")/D46,"") -> 0.092391304 | F46: =IFERROR(SUMIFS(clean_data!$K$2:$K$1409,clean_data!$I$2:$I$1409,"Free",clean_data!$C$2:$C$1409,"Treatment")/D46,"") -> 0.31793478 | G46: =IFERROR(SUMIFS(clean_data!$N$2:$N$1409,clean_data!$I$2:$I$1409,"Free",clean_data!$C$2:$C$1409,"Treatment")/D46,"") -> 50.89731 | H46: =IFERROR(SUMIFS(clean_data!$Q$2:$Q$1409,clean_data!$I$2:$I$1409,"Free",clean_data!$C$2:$C$1409,"Treatment")/D46,"") -> 0.0054347826 | I46: =IFERROR(SUMIFS(clean_data!$P$2:$P$1409,clean_data!$I$2:$I$1409,"Free",clean_data!$C$2:$C$1409,"Treatment")/D46,"") -> 0.24184783 | J46: =IFERROR(AVERAGEIFS(clean_data!$T$2:$T$1409,clean_data!$I$2:$I$1409,"Free",clean_data!$C$2:$C$1409,"Treatment"),"") -> 62.229076
A47: Plan Type | B47: Premium | C47: Control | D47: =COUNTIFS(clean_data!$I$2:$I$1409,"Premium",clean_data!$C$2:$C$1409,"Control") -> 109 | E47: =IFERROR(SUMIFS(clean_data!$M$2:$M$1409,clean_data!$I$2:$I$1409,"Premium",clean_data!$C$2:$C$1409,"Control")/D47,"") -> 0.027522936 | F47: =IFERROR(SUMIFS(clean_data!$K$2:$K$1409,clean_data!$I$2:$I$1409,"Premium",clean_data!$C$2:$C$1409,"Control")/D47,"") -> 0.28440367 | G47: =IFERROR(SUMIFS(clean_data!$N$2:$N$1409,clean_data!$I$2:$I$1409,"Premium",clean_data!$C$2:$C$1409,"Control")/D47,"") -> 53.858073 | H47: =IFERROR(SUMIFS(clean_data!$Q$2:$Q$1409,clean_data!$I$2:$I$1409,"Premium",clean_data!$C$2:$C$1409,"Control")/D47,"") -> 0 | I47: =IFERROR(SUMIFS(clean_data!$P$2:$P$1409,clean_data!$I$2:$I$1409,"Premium",clean_data!$C$2:$C$1409,"Control")/D47,"") -> 0.23853211 | J47: =IFERROR(AVERAGEIFS(clean_data!$T$2:$T$1409,clean_data!$I$2:$I$1409,"Premium",clean_data!$C$2:$C$1409,"Control"),"") -> 56.407339
A48: Plan Type | B48: Premium | C48: Treatment | D48: =COUNTIFS(clean_data!$I$2:$I$1409,"Premium",clean_data!$C$2:$C$1409,"Treatment") -> 112 | E48: =IFERROR(SUMIFS(clean_data!$M$2:$M$1409,clean_data!$I$2:$I$1409,"Premium",clean_data!$C$2:$C$1409,"Treatment")/D48,"") -> 0.0625 | F48: =IFERROR(SUMIFS(clean_data!$K$2:$K$1409,clean_data!$I$2:$I$1409,"Premium",clean_data!$C$2:$C$1409,"Treatment")/D48,"") -> 0.22321429 | G48: =IFERROR(SUMIFS(clean_data!$N$2:$N$1409,clean_data!$I$2:$I$1409,"Premium",clean_data!$C$2:$C$1409,"Treatment")/D48,"") -> 100.55964 | H48: =IFERROR(SUMIFS(clean_data!$Q$2:$Q$1409,clean_data!$I$2:$I$1409,"Premium",clean_data!$C$2:$C$1409,"Treatment")/D48,"") -> 0.0089285714 | I48: =IFERROR(SUMIFS(clean_data!$P$2:$P$1409,clean_data!$I$2:$I$1409,"Premium",clean_data!$C$2:$C$1409,"Treatment")/D48,"") -> 0.26785714 | J48: =IFERROR(AVERAGEIFS(clean_data!$T$2:$T$1409,clean_data!$I$2:$I$1409,"Premium",clean_data!$C$2:$C$1409,"Treatment"),"") -> 65.149107

Sheet Executive summary
A1: Metric | B1: Control | C1: Treatment | D1: Absolute delta | E1: Relative change
A2: User count | B2: =Control_vs_Treatment!B$2 -> 693 | C2: =Control_vs_Treatment!B$3 -> 715 | D2: =C2-B2 -> 22 | E2: =IFERROR(D2/B2,"") -> 0.031746032
A3: Landing page visit rate | B3: =Control_vs_Treatment!C$2 -> 0.63636364 | C3: =Control_vs_Treatment!C$3 -> 0.72587413 | D3: =C3-B3 -> 0.08951049 | E3: =IFERROR(D3/B3,"") -> 0.14065934
A4: Trial start rate | B4: =Control_vs_Treatment!D$2 -> 0.25108225 | C4: =Control_vs_Treatment!D$3 -> 0.29090909 | D4: =C4-B4 -> 0.03982684 | E4: =IFERROR(D4/B4,"") -> 0.15862069
A5: Onboarding completion rate | B5: =Control_vs_Treatment!E$2 -> 0.15584416 | C5: =Control_vs_Treatment!E$3 -> 0.21258741 | D5: =C5-B5 -> 0.056743257 | E5: =IFERROR(D5/B5,"") -> 0.36410256
A6: Paid conversion rate | B6: =Control_vs_Treatment!F$2 -> 0.031746032 | C6: =Control_vs_Treatment!F$3 -> 0.06993007 | D6: =C6-B6 -> 0.038184038 | E6: =IFERROR(D6/B6,"") -> 1.2027972
A7: Average revenue per user | B7: =Control_vs_Treatment!G$2 -> 51.749322 | C7: =Control_vs_Treatment!G$3 -> 53.875119 | D7: =C7-B7 -> 2.1257971 | E7: =IFERROR(D7/B7,"") -> 0.041078743
A8: Average revenue per converted user | B8: =Control_vs_Treatment!H$2 -> 1630.1036 | C8: =Control_vs_Treatment!H$3 -> 770.4142 | D8: =C8-B8 -> -859.68944 | E8: =IFERROR(D8/B8,"") -> -0.5273833
A9: Refund rate | B9: =Control_vs_Treatment!I$2 -> 0 | C9: =Control_vs_Treatment!I$3 -> 0.0041958042 | D9: =C9-B9 -> 0.0041958042 | E9: =IFERROR(D9/B9,"")
A10: Support ticket rate | B10: =Control_vs_Treatment!J$2 -> 0.14718615 | C10: =Control_vs_Treatment!J$3 -> 0.24755245 | D10: =C10-B10 -> 0.1003663 | E10: =IFERROR(D10/B10,"") -> 0.68190045
A11: Average engagement score | B11: =Control_vs_Treatment!K$2 -> 57.051082 | C11: =Control_vs_Treatment!K$3 -> 62.898042 | D11: =C11-B11 -> 5.8469597 | E11: =IFERROR(D11/B11,"") -> 0.10248639
A12: Average days to convert | B12: =Control_vs_Treatment!L$2 -> 8.8636364 | C12: =Control_vs_Treatment!L$3 -> 6.4 | D12: =C12-B12 -> -2.4636364 | E12: =IFERROR(D12/B12,"") -> -0.27794872

Sheet Hypothesis Testing
A1: Input/Output | B1: Value
A2: Control converted users | B2: =COUNTIFS(clean_data!$C$2:$C$1409,"Control",clean_data!$M$2:$M$1409,1) -> 22
A3: Control total users | B3: =COUNTIF(clean_data!$C$2:$C$1409,"Control") -> 693
A4: Control paid conversion rate | B4: =B2/B3 -> 0.031746032
A5: Treatment converted users | B5: =COUNTIFS(clean_data!$C$2:$C$1409,"Treatment",clean_data!$M$2:$M$1409,1) -> 50
A6: Treatment total users | B6: =COUNTIF(clean_data!$C$2:$C$1409,"Treatment") -> 715
A7: Treatment paid conversion rate | B7: =B5/B6 -> 0.06993007
A8: Absolute lift | B8: =B7-B4 -> 0.038184038
A9: Relative lift | B9: =B8/B4 -> 1.2027972
A10: Pooled conversion rate | B10: =(B2+B5)/(B3+B6) -> 0.051136364
A11: Standard error | B11: =SQRT(B10*(1-B10)*(1/B3+1/B6)) -> 0.011742174
A12: Z-statistic | B12: =(B7-B4)/B11 -> 3.2518713
A13: One-tailed p-value | B13: =1 - _xlfn.NORM.S.DIST(B12, TRUE) -> 0.00057323969
A14: Two-tailed p-value | B14: =2 * (1 - _xlfn.NORM.S.DIST(ABS(B12), TRUE)) -> 0.0011464794
A15: Decision at alpha=0.05 | B15: =IF(B13<0.05,"Reject null hypothesis","Fail to reject null hypothesis") -> Reject null hypothesis
A16: Business interpretation | B16: =IF(B13<0.05,"Treatment shows statistically significant improvement in paid conversion rate.","Treatment does not show statistically significant improvement in paid conversion rate.") -> Treatment shows statistically significant improvement in paid conversion rate.

Sheet Guardrail review
A1: Metric | B1: Control | C1: Treatment | D1: Absolute delta | E1: Relative change | F1: Risk assessment
A2: Average revenue per user | B2: ='Executive summary'!B7 -> 51.749322 | C2: ='Executive summary'!C7 -> 53.875119 | D2: ='Executive summary'!D7 -> 2.1257971 | E2: ='Executive summary'!E7 -> 0.041078743 | F2: =IF(C2<B2,"Watch","Acceptable") -> Acceptable
A3: Average revenue per converted user | B3: ='Executive summary'!B8 -> 1630.1036 | C3: ='Executive summary'!C8 -> 770.4142 | D3: ='Executive summary'!D8 -> -859.68944 | E3: ='Executive summary'!E8 -> -0.5273833 | F3: =IF(C3<B3,"Watch","Acceptable") -> Watch
A4: Refund rate | B4: ='Executive summary'!B9 -> 0 | C4: ='Executive summary'!C9 -> 0.0041958042 | D4: ='Executive summary'!D9 -> 0.0041958042 | E4: ='Executive summary'!E9 | F4: =IF(C4>B4,"Watch","Acceptable") -> Watch
A5: Support ticket rate | B5: ='Executive summary'!B10 -> 0.14718615 | C5: ='Executive summary'!C10 -> 0.24755245 | D5: ='Executive summary'!D10 -> 0.1003663 | E5: ='Executive summary'!E10 -> 0.68190045 | F5: =IF(C5>B5,"Watch","Acceptable") -> Watch
A6: Average engagement score | B6: ='Executive summary'!B11 -> 57.051082 | C6: ='Executive summary'!C11 -> 62.898042 | D6: ='Executive summary'!D11 -> 5.8469597 | E6: ='Executive summary'!E11 -> 0.10248639 | F6: =IF(C6<B6,"Watch","Acceptable") -> Acceptable
A7: Average days to convert | B7: ='Executive summary'!B12 -> 8.8636364 | C7: ='Executive summary'!C12 -> 6.4 | D7: ='Executive summary'!D12 -> -2.4636364 | E7: ='Executive summary'!E12 -> -0.27794872 | F7: =IF(C7>B7,"Watch","Acceptable") -> Acceptable

Sheet business_context
A1: Item | B1: Description
A2: Business context | B2: A subscription product tested a new onboarding and activation campaign against the existing experience.
A3: Control | B3: Existing onboarding experience.
A4: Treatment | B4: New campaign experience.
A5: Primary decision | B5: Decide whether to launch, reject, continue testing, or launch only for selected segments.
A6: visited_landing_page | B6: 1 if the user visited the landing page after signup; otherwise 0.
A7: started_trial | B7: 1 if the user started a trial; otherwise 0.
A8: completed_onboarding | B8: 1 if the user completed onboarding; otherwise 0.
A9: converted_to_paid | B9: 1 if the user became a paid customer; otherwise 0.
A10: revenue_30d | B10: Revenue generated within 30 days of signup.
A11: support_tickets_30d | B11: Number of support tickets raised within 30 days.
A12: refund_requested | B12: 1 if the user requested a refund; otherwise 0.
... A14: Guardrail caution | B14: A better conversion rate may still be risky if refunds, support tickets, or low-quality revenue increase.
B26: =COUNTIF(clean_data!C2:C1409,"Control") -> 693
